"Table 1.1.6. Real Gross Domestic Product, Chained Dollars"
"[Billions of chained (2012) dollars] Seasonally adjusted at annual rates" 
"Bureau of Economic Analysis" 
"Last Revised on: December 22, 2021 - Next Release Date January 27, 2021"
"Line","","1947","1947","1947","1947","1948","1948","1948","1948","1949","1949","1949","1949","1950","1950","1950","1950","1951","1951","1951","1951","1952","1952","1952","1952","1953","1953","1953","1953","1954","1954","1954","1954","1955","1955","1955","1955","1956","1956","1956","1956","1957","1957","1957","1957","1958","1958","1958","1958","1959","1959","1959","1959","1960","1960","1960","1960","1961","1961","1961","1961","1962","1962","1962","1962","1963","1963","1963","1963","1964","1964","1964","1964","1965","1965","1965","1965","1966","1966","1966","1966","1967","1967","1967","1967","1968","1968","1968","1968","1969","1969","1969","1969","1970","1970","1970","1970","1971","1971","1971","1971","1972","1972","1972","1972","1973","1973","1973","1973","1974","1974","1974","1974","1975","1975","1975","1975","1976","1976","1976","1976","1977","1977","1977","1977","1978","1978","1978","1978","1979","1979","1979","1979","1980","1980","1980","1980","1981","1981","1981","1981","1982","1982","1982","1982","1983","1983","1983","1983","1984","1984","1984","1984","1985","1985","1985","1985","1986","1986","1986","1986","1987","1987","1987","1987","1988","1988","1988","1988","1989","1989","1989","1989","1990","1990","1990","1990","1991","1991","1991","1991","1992","1992","1992","1992","1993","1993","1993","1993","1994","1994","1994","1994","1995","1995","1995","1995","1996","1996","1996","1996","1997","1997","1997","1997","1998","1998","1998","1998","1999","1999","1999","1999","2000","2000","2000","2000","2001","2001","2001","2001","2002","2002","2002","2002","2003","2003","2003","2003","2004","2004","2004","2004","2005","2005","2005","2005","2006","2006","2006","2006","2007","2007","2007","2007","2008","2008","2008","2008","2009","2009","2009","2009","2010","2010","2010","2010","2011","2011","2011","2011","2012","2012","2012","2012","2013","2013","2013","2013","2014","2014","2014","2014","2015","2015","2015","2015","2016","2016","2016","2016","2017","2017","2017","2017","2018","2018","2018","2018","2019","2019","2019","2019","2020","2020","2020","2020","2021","2021","2021"
"Line","","Q1","Q2","Q3","Q4","Q1","Q2","Q3","Q4","Q1","Q2","Q3","Q4","Q1","Q2","Q3","Q4","Q1","Q2","Q3","Q4","Q1","Q2","Q3","Q4","Q1","Q2","Q3","Q4","Q1","Q2","Q3","Q4","Q1","Q2","Q3","Q4","Q1","Q2","Q3","Q4","Q1","Q2","Q3","Q4","Q1","Q2","Q3","Q4","Q1","Q2","Q3","Q4","Q1","Q2","Q3","Q4","Q1","Q2","Q3","Q4","Q1","Q2","Q3","Q4","Q1","Q2","Q3","Q4","Q1","Q2","Q3","Q4","Q1","Q2","Q3","Q4","Q1","Q2","Q3","Q4","Q1","Q2","Q3","Q4","Q1","Q2","Q3","Q4","Q1","Q2","Q3","Q4","Q1","Q2","Q3","Q4","Q1","Q2","Q3","Q4","Q1","Q2","Q3","Q4","Q1","Q2","Q3","Q4","Q1","Q2","Q3","Q4","Q1","Q2","Q3","Q4","Q1","Q2","Q3","Q4","Q1","Q2","Q3","Q4","Q1","Q2","Q3","Q4","Q1","Q2","Q3","Q4","Q1","Q2","Q3","Q4","Q1","Q2","Q3","Q4","Q1","Q2","Q3","Q4","Q1","Q2","Q3","Q4","Q1","Q2","Q3","Q4","Q1","Q2","Q3","Q4","Q1","Q2","Q3","Q4","Q1","Q2","Q3","Q4","Q1","Q2","Q3","Q4","Q1","Q2","Q3","Q4","Q1","Q2","Q3","Q4","Q1","Q2","Q3","Q4","Q1","Q2","Q3","Q4","Q1","Q2","Q3","Q4","Q1","Q2","Q3","Q4","Q1","Q2","Q3","Q4","Q1","Q2","Q3","Q4","Q1","Q2","Q3","Q4","Q1","Q2","Q3","Q4","Q1","Q2","Q3","Q4","Q1","Q2","Q3","Q4","Q1","Q2","Q3","Q4","Q1","Q2","Q3","Q4","Q1","Q2","Q3","Q4","Q1","Q2","Q3","Q4","Q1","Q2","Q3","Q4","Q1","Q2","Q3","Q4","Q1","Q2","Q3","Q4","Q1","Q2","Q3","Q4","Q1","Q2","Q3","Q4","Q1","Q2","Q3","Q4","Q1","Q2","Q3","Q4","Q1","Q2","Q3","Q4","Q1","Q2","Q3","Q4","Q1","Q2","Q3","Q4","Q1","Q2","Q3","Q4","Q1","Q2","Q3","Q4","Q1","Q2","Q3","Q4","Q1","Q2","Q3","Q4","Q1","Q2","Q3","Q4","Q1","Q2","Q3","Q4","Q1","Q2","Q3"
"1","        Gross domestic product",2034.5,2029.0,2024.8,2056.5,2087.4,2121.9,2134.1,2136.4,2107.0,2099.8,2121.5,2103.7,2186.4,2253.0,2340.1,2384.9,2417.3,2459.2,2509.9,2515.4,2542.3,2547.8,2566.2,2650.4,2699.7,2720.6,2705.3,2664.3,2651.6,2654.5,2684.4,2737.0,2815.1,2860.9,2899.6,2917.0,2905.7,2929.7,2927.0,2975.2,2994.3,2987.7,3017.0,2985.8,2908.3,2927.4,2995.1,3065.1,3124.0,3194.4,3196.7,3205.8,3277.8,3260.2,3276.1,3234.1,3255.9,3311.2,3374.7,3440.9,3502.3,3533.9,3577.4,3589.1,3628.3,3669.0,3749.7,3774.3,3853.8,3895.8,3956.7,3968.9,4064.9,4116.3,4207.8,4304.7,4409.5,4424.6,4462.1,4498.7,4538.5,4541.3,4584.2,4618.8,4713.0,4791.8,4828.9,4847.9,4923.8,4938.7,4971.3,4947.1,4939.8,4946.8,4992.4,4938.9,5073.0,5100.4,5142.4,5154.5,5249.3,5368.5,5419.2,5509.9,5646.3,5707.8,5677.7,5731.6,5682.4,5695.9,5642.0,5620.1,5551.7,5591.4,5687.1,5763.7,5893.3,5936.5,5969.1,6012.4,6083.4,6201.7,6313.6,6313.7,6333.8,6578.6,6644.8,6734.1,6746.2,6753.4,6803.6,6820.6,6842.0,6701.0,6693.1,6817.9,6951.5,6900.0,6982.6,6906.5,6799.2,6830.3,6804.1,6806.9,6896.6,7053.5,7194.5,7344.6,7488.2,7617.5,7691.0,7754.1,7829.3,7898.2,8018.8,8078.4,8153.8,8190.6,8268.9,8313.3,8375.3,8465.6,8539.1,8685.7,8730.6,8845.3,8897.1,9015.7,9107.3,9176.8,9244.8,9263.0,9364.3,9398.2,9404.5,9318.9,9275.3,9347.6,9394.8,9427.6,9540.4,9643.9,9739.2,9840.8,9857.2,9914.6,9961.9,10097.4,10195.3,10333.5,10393.9,10513.0,10550.3,10581.7,10671.7,10744.2,10824.7,11005.2,11103.9,11219.2,11291.7,11479.3,11622.9,11722.7,11839.9,11949.5,12099.2,12294.7,12410.8,12514.4,12680.0,12888.3,12935.3,13170.7,13183.9,13262.3,13219.3,13301.4,13248.1,13284.9,13394.9,13477.4,13531.7,13549.4,13619.4,13741.1,13970.2,14131.4,14212.3,14323.0,14457.8,14605.6,14767.8,14839.7,14956.3,15041.2,15244.1,15281.5,15304.5,15433.6,15479.0,15577.8,15671.6,15767.1,15702.9,15792.8,15709.6,15366.6,15187.5,15161.8,15216.6,15379.2,15456.1,15605.6,15726.3,15808.0,15769.9,15876.8,15870.7,16048.7,16180.0,16253.7,16282.2,16300.0,16441.5,16464.4,16594.7,16712.8,16654.2,16868.1,17064.6,17141.2,17280.6,17380.9,17437.1,17462.6,17565.5,17618.6,17724.5,17812.6,17896.6,17996.8,18126.2,18296.7,18436.3,18590.0,18679.6,18721.3,18833.2,18982.5,19112.7,19202.3,18952.0,17258.2,18560.8,18767.8,19055.7,19368.3,19478.9
"2","Personal consumption expenditures",1277.4,1298.7,1302.9,1303.3,1309.8,1325.1,1327.0,1337.6,1339.8,1360.3,1363.4,1383.4,1406.4,1429.6,1503.0,1457.7,1492.9,1450.8,1467.7,1476.2,1479.6,1508.6,1515.8,1569.3,1587.7,1597.3,1593.5,1582.8,1588.7,1609.3,1631.1,1665.3,1702.7,1735.3,1756.7,1778.8,1781.7,1787.6,1791.6,1816.3,1829.0,1832.1,1846.6,1847.4,1821.8,1836.9,1867.4,1892.7,1927.4,1957.2,1977.6,1979.9,1998.8,2024.0,2015.9,2018.5,2017.8,2047.8,2057.8,2099.2,2121.4,2147.5,2164.8,2195.4,2210.8,2231.7,2261.9,2280.8,2325.6,2366.7,2410.4,2417.3,2471.2,2498.5,2541.4,2612.8,2651.4,2658.2,2688.5,2699.7,2715.3,2752.4,2766.5,2783.4,2850.2,2893.6,2947.8,2961.1,2993.9,3013.2,3027.9,3052.1,3071.1,3085.0,3112.0,3103.6,3163.1,3192.2,3217.7,3271.1,3314.2,3377.3,3429.4,3509.8,3573.9,3572.3,3584.9,3574.2,3542.2,3555.0,3570.2,3518.1,3547.6,3605.9,3657.2,3696.5,3770.4,3805.1,3845.1,3895.0,3940.9,3962.3,3999.8,4059.9,4082.7,4170.0,4187.5,4221.3,4243.2,4240.4,4281.7,4292.3,4286.2,4189.7,4235.6,4292.9,4307.2,4307.6,4327.5,4297.9,4329.5,4342.7,4371.8,4448.4,4492.4,4583.9,4666.1,4740.4,4779.8,4846.7,4882.7,4945.9,5030.0,5076.1,5172.6,5183.7,5229.0,5286.0,5379.5,5412.5,5417.9,5491.8,5554.5,5566.3,5664.6,5706.4,5757.1,5822.6,5849.6,5876.9,5933.8,5959.6,6009.7,6028.0,6051.9,6005.9,5983.3,6032.9,6063.0,6059.9,6173.4,6215.3,6281.9,6356.8,6381.2,6439.2,6510.9,6568.0,6643.2,6694.8,6745.9,6818.8,6835.8,6895.7,6958.2,7006.7,7071.4,7147.4,7190.7,7248.0,7324.4,7357.4,7482.7,7572.1,7648.7,7783.4,7884.9,7998.8,8081.0,8204.8,8297.0,8418.3,8545.6,8625.4,8708.1,8784.2,8816.0,8833.7,8864.5,9007.5,9027.5,9073.2,9136.7,9187.5,9232.8,9338.5,9470.5,9535.7,9624.6,9677.2,9790.8,9901.6,9964.5,10074.9,10158.5,10177.2,10288.2,10341.6,10408.0,10507.2,10572.1,10599.8,10670.5,10712.6,10697.9,10727.3,10644.7,10548.9,10522.1,10470.4,10540.8,10529.2,10590.2,10685.1,10761.4,10827.3,10868.7,10879.9,10913.0,10931.8,11010.7,11030.0,11052.4,11096.4,11155.5,11172.6,11214.4,11304.3,11347.6,11453.0,11565.7,11694.9,11772.9,11852.7,11943.0,12003.1,12091.2,12152.6,12223.8,12283.1,12372.2,12430.1,12500.4,12632.0,12707.6,12816.4,12900.6,12955.5,12975.1,13088.8,13192.3,13249.0,13014.5,11756.4,12820.8,12927.9,13282.7,13665.6,13732.4
"3","    Goods","---","---","---","---","---","---","---","---","---","---","---","---","---","---","---","---","---","---","---","---","---","---","---","---","---","---","---","---","---","---","---","---","---","---","---","---","---","---","---","---","---","---","---","---","---","---","---","---","---","---","---","---","---","---","---","---","---","---","---","---","---","---","---","---","---","---","---","---","---","---","---","---","---","---","---","---","---","---","---","---","---","---","---","---","---","---","---","---","---","---","---","---","---","---","---","---","---","---","---","---","---","---","---","---","---","---","---","---","---","---","---","---","---","---","---","---","---","---","---","---","---","---","---","---","---","---","---","---","---","---","---","---","---","---","---","---","---","---","---","---","---","---","---","---","---","---","---","---","---","---","---","---","---","---","---","---","---","---","---","---","---","---","---","---","---","---","---","---","---","---","---","---","---","---","---","---","---","---","---","---","---","---","---","---","---","---","---","---","---","---","---","---","---","---","---","---","---","---","---","---","---","---","---","---","---","---","---","---","---","---","---","---","---","---","---","---","---","---","---","---",2920.5,2928.6,2964.8,2976.6,2993.0,3058.2,3144.2,3172.5,3208.2,3219.3,3264.4,3308.1,3333.4,3382.7,3414.9,3407.7,3478.3,3483.3,3514.0,3563.2,3588.2,3596.6,3619.3,3626.4,3566.8,3561.5,3486.8,3380.5,3381.4,3359.6,3418.2,3399.9,3425.5,3472.2,3498.3,3546.9,3564.6,3551.5,3552.7,3578.4,3623.8,3623.1,3639.1,3665.0,3728.0,3730.7,3757.4,3792.8,3818.1,3886.7,3931.5,3984.4,4032.0,4074.7,4120.4,4136.5,4177.9,4214.3,4255.9,4278.7,4315.5,4361.1,4408.3,4496.1,4511.9,4558.8,4591.4,4615.2,4630.6,4709.1,4765.5,4786.9,4790.2,4665.8,5158.9,5155.0,5476.6,5646.7,5518.3
"4","        Durable goods","---","---","---","---","---","---","---","---","---","---","---","---","---","---","---","---","---","---","---","---","---","---","---","---","---","---","---","---","---","---","---","---","---","---","---","---","---","---","---","---","---","---","---","---","---","---","---","---","---","---","---","---","---","---","---","---","---","---","---","---","---","---","---","---","---","---","---","---","---","---","---","---","---","---","---","---","---","---","---","---","---","---","---","---","---","---","---","---","---","---","---","---","---","---","---","---","---","---","---","---","---","---","---","---","---","---","---","---","---","---","---","---","---","---","---","---","---","---","---","---","---","---","---","---","---","---","---","---","---","---","---","---","---","---","---","---","---","---","---","---","---","---","---","---","---","---","---","---","---","---","---","---","---","---","---","---","---","---","---","---","---","---","---","---","---","---","---","---","---","---","---","---","---","---","---","---","---","---","---","---","---","---","---","---","---","---","---","---","---","---","---","---","---","---","---","---","---","---","---","---","---","---","---","---","---","---","---","---","---","---","---","---","---","---","---","---","---","---","---","---",806.1,811.2,835.5,827.9,828.6,866.3,904.6,917.7,933.7,936.1,960.3,978.5,983.1,1009.3,1029.0,998.2,1037.9,1038.3,1053.2,1068.0,1082.4,1093.7,1107.1,1115.4,1079.3,1071.7,1035.5,959.3,961.0,954.0,1000.3,976.7,988.7,1019.8,1035.9,1064.9,1074.2,1066.6,1076.1,1101.8,1128.8,1130.9,1145.6,1171.6,1201.6,1207.1,1217.3,1230.3,1249.9,1294.8,1318.3,1343.3,1367.5,1396.4,1415.3,1423.3,1441.8,1456.1,1492.5,1513.4,1523.8,1540.2,1576.2,1633.3,1647.8,1676.3,1692.0,1696.7,1693.6,1737.5,1773.1,1794.7,1738.3,1731.8,2030.6,2036.4,2253.5,2316.2,2158.5
"5","        Nondurable goods","---","---","---","---","---","---","---","---","---","---","---","---","---","---","---","---","---","---","---","---","---","---","---","---","---","---","---","---","---","---","---","---","---","---","---","---","---","---","---","---","---","---","---","---","---","---","---","---","---","---","---","---","---","---","---","---","---","---","---","---","---","---","---","---","---","---","---","---","---","---","---","---","---","---","---","---","---","---","---","---","---","---","---","---","---","---","---","---","---","---","---","---","---","---","---","---","---","---","---","---","---","---","---","---","---","---","---","---","---","---","---","---","---","---","---","---","---","---","---","---","---","---","---","---","---","---","---","---","---","---","---","---","---","---","---","---","---","---","---","---","---","---","---","---","---","---","---","---","---","---","---","---","---","---","---","---","---","---","---","---","---","---","---","---","---","---","---","---","---","---","---","---","---","---","---","---","---","---","---","---","---","---","---","---","---","---","---","---","---","---","---","---","---","---","---","---","---","---","---","---","---","---","---","---","---","---","---","---","---","---","---","---","---","---","---","---","---","---","---","---",2148.2,2149.7,2153.3,2179.1,2196.7,2214.3,2255.2,2268.1,2285.5,2294.7,2311.1,2334.7,2356.6,2375.3,2384.1,2417.5,2442.3,2447.2,2461.3,2495.5,2503.9,2498.7,2506.5,2504.5,2485.1,2488.9,2452.6,2429.2,2428.3,2413.7,2421.4,2429.1,2442.1,2455.5,2464.6,2483.0,2491.3,2486.0,2477.5,2476.9,2495.0,2492.2,2493.4,2493.5,2526.6,2524.0,2540.5,2562.8,2568.8,2593.6,2615.2,2643.6,2667.4,2681.8,2708.7,2716.9,2740.1,2762.3,2768.5,2771.3,2797.4,2826.8,2839.6,2872.9,2875.3,2895.3,2912.6,2931.3,2948.7,2985.4,3008.2,3010.1,3061.8,2949.1,3159.9,3151.1,3269.3,3377.2,3394.0
"6","    Services","---","---","---","---","---","---","---","---","---","---","---","---","---","---","---","---","---","---","---","---","---","---","---","---","---","---","---","---","---","---","---","---","---","---","---","---","---","---","---","---","---","---","---","---","---","---","---","---","---","---","---","---","---","---","---","---","---","---","---","---","---","---","---","---","---","---","---","---","---","---","---","---","---","---","---","---","---","---","---","---","---","---","---","---","---","---","---","---","---","---","---","---","---","---","---","---","---","---","---","---","---","---","---","---","---","---","---","---","---","---","---","---","---","---","---","---","---","---","---","---","---","---","---","---","---","---","---","---","---","---","---","---","---","---","---","---","---","---","---","---","---","---","---","---","---","---","---","---","---","---","---","---","---","---","---","---","---","---","---","---","---","---","---","---","---","---","---","---","---","---","---","---","---","---","---","---","---","---","---","---","---","---","---","---","---","---","---","---","---","---","---","---","---","---","---","---","---","---","---","---","---","---","---","---","---","---","---","---","---","---","---","---","---","---","---","---","---","---","---","---",6117.2,6156.0,6181.0,6220.6,6248.9,6285.6,6327.2,6363.6,6416.3,6458.4,6526.4,6592.9,6630.0,6690.2,6741.2,6768.1,6806.4,6855.4,6890.7,6940.0,6979.7,6999.0,7047.2,7082.3,7128.8,7164.0,7157.6,7169.3,7141.1,7110.6,7122.3,7129.0,7164.6,7213.1,7263.2,7280.7,7304.2,7328.6,7360.5,7353.4,7386.8,7406.8,7413.3,7431.5,7428.2,7442.6,7458.0,7512.5,7531.1,7569.4,7637.7,7714.7,7746.9,7785.4,7831.6,7875.1,7923.1,7950.1,7982.1,8018.8,8072.1,8088.1,8114.8,8165.6,8223.8,8287.3,8339.7,8371.8,8377.8,8420.2,8471.0,8505.9,8284.4,7217.3,7815.2,7917.0,7993.4,8214.3,8378.5
"7","Gross private domestic investment",218.1,201.4,195.5,233.3,257.2,273.1,275.9,262.7,223.5,193.8,209.9,199.5,246.9,273.3,296.8,334.5,300.4,307.3,284.7,262.0,268.9,248.6,261.9,280.8,286.8,288.4,282.4,262.0,260.1,259.5,272.0,284.0,312.3,331.3,336.4,344.2,334.4,331.8,328.8,325.7,320.7,320.4,327.7,302.5,282.1,276.4,297.6,323.0,340.6,367.1,343.4,354.6,390.2,353.8,352.9,313.8,322.0,344.5,371.3,377.5,397.8,394.7,401.4,389.7,410.2,416.7,429.5,434.7,451.0,449.4,459.9,464.2,508.5,509.8,527.6,531.1,573.5,565.0,560.8,564.1,550.3,530.4,545.9,557.7,568.9,590.6,574.5,580.8,615.0,611.4,623.8,593.7,576.0,577.2,586.6,555.5,620.2,637.8,645.5,628.2,669.6,707.6,717.6,722.1,764.5,797.0,768.1,795.5,750.1,747.1,708.4,712.7,597.9,580.1,625.0,642.5,704.5,732.4,734.9,740.4,774.7,830.3,872.3,850.4,867.0,923.3,950.2,972.1,973.8,972.9,956.5,939.5,933.1,853.8,797.4,871.7,952.4,912.9,964.4,930.4,842.4,841.8,834.1,769.6,796.3,866.8,921.1,1010.7,1108.3,1144.4,1169.1,1154.0,1122.3,1141.4,1133.7,1175.5,1175.1,1154.6,1123.5,1126.9,1157.3,1157.9,1158.1,1237.0,1177.6,1205.7,1212.4,1230.9,1272.6,1260.3,1249.0,1239.7,1252.1,1252.4,1228.2,1159.5,1120.9,1120.9,1143.1,1183.6,1161.7,1227.4,1237.2,1274.9,1305.0,1312.5,1303.6,1372.1,1424.4,1494.4,1470.0,1530.5,1546.5,1514.4,1505.4,1542.8,1567.6,1642.9,1717.5,1715.2,1749.9,1857.0,1883.0,1911.0,1994.4,1982.1,2033.0,2095.8,2153.3,2154.7,2213.8,2273.1,2257.1,2390.7,2367.3,2371.8,2264.2,2267.4,2218.4,2108.5,2170.7,2206.4,2203.1,2201.7,2218.7,2234.0,2315.4,2393.4,2398.2,2493.9,2532.6,2585.5,2658.2,2622.8,2657.5,2743.8,2784.6,2766.6,2756.0,2702.5,2683.9,2713.5,2686.1,2653.1,2583.3,2536.4,2485.5,2246.4,1986.8,1872.3,1868.0,2040.7,2087.2,2196.7,2294.7,2287.4,2244.2,2336.1,2343.8,2524.4,2577.2,2636.5,2648.5,2624.9,2722.8,2753.2,2859.8,2870.1,2838.3,2958.1,3018.6,3021.9,3127.3,3136.7,3130.4,3092.7,3079.4,3063.3,3069.3,3147.6,3137.7,3192.8,3241.0,3278.4,3346.3,3352.5,3430.9,3449.6,3503.4,3526.0,3535.9,3477.1,3430.1,2901.9,3371.0,3561.9,3541.3,3506.0,3609.7
"8","    Fixed investment","---","---","---","---","---","---","---","---","---","---","---","---","---","---","---","---","---","---","---","---","---","---","---","---","---","---","---","---","---","---","---","---","---","---","---","---","---","---","---","---","---","---","---","---","---","---","---","---","---","---","---","---","---","---","---","---","---","---","---","---","---","---","---","---","---","---","---","---","---","---","---","---","---","---","---","---","---","---","---","---","---","---","---","---","---","---","---","---","---","---","---","---","---","---","---","---","---","---","---","---","---","---","---","---","---","---","---","---","---","---","---","---","---","---","---","---","---","---","---","---","---","---","---","---","---","---","---","---","---","---","---","---","---","---","---","---","---","---","---","---","---","---","---","---","---","---","---","---","---","---","---","---","---","---","---","---","---","---","---","---","---","---","---","---","---","---","---","---","---","---","---","---","---","---","---","---","---","---","---","---","---","---","---","---","---","---","---","---","---","---","---","---","---","---","---","---","---","---","---","---","---","---","---","---","---","---","---","---","---","---","---","---","---","---","---","---","---","---","---","---",2189.1,2186.7,2183.5,2174.3,2194.0,2246.8,2319.7,2361.9,2355.4,2419.8,2471.2,2516.3,2560.4,2603.8,2649.3,2661.2,2711.2,2696.6,2679.3,2660.3,2658.1,2670.6,2655.4,2629.9,2589.1,2567.9,2503.0,2337.8,2151.9,2073.9,2081.6,2092.0,2091.0,2167.1,2178.7,2220.0,2216.2,2268.0,2363.3,2423.7,2499.4,2549.8,2553.6,2599.4,2643.9,2665.3,2711.3,2748.0,2775.6,2852.8,2907.3,2941.2,2949.5,2974.9,2999.8,2991.8,3009.2,3025.5,3052.8,3076.5,3124.7,3154.2,3158.1,3220.3,3273.2,3321.2,3327.9,3342.6,3372.8,3423.2,3449.3,3439.9,3419.6,3123.0,3318.5,3456.6,3564.1,3593.0,3585.0
"9","        Nonresidential","---","---","---","---","---","---","---","---","---","---","---","---","---","---","---","---","---","---","---","---","---","---","---","---","---","---","---","---","---","---","---","---","---","---","---","---","---","---","---","---","---","---","---","---","---","---","---","---","---","---","---","---","---","---","---","---","---","---","---","---","---","---","---","---","---","---","---","---","---","---","---","---","---","---","---","---","---","---","---","---","---","---","---","---","---","---","---","---","---","---","---","---","---","---","---","---","---","---","---","---","---","---","---","---","---","---","---","---","---","---","---","---","---","---","---","---","---","---","---","---","---","---","---","---","---","---","---","---","---","---","---","---","---","---","---","---","---","---","---","---","---","---","---","---","---","---","---","---","---","---","---","---","---","---","---","---","---","---","---","---","---","---","---","---","---","---","---","---","---","---","---","---","---","---","---","---","---","---","---","---","---","---","---","---","---","---","---","---","---","---","---","---","---","---","---","---","---","---","---","---","---","---","---","---","---","---","---","---","---","---","---","---","---","---","---","---","---","---","---","---",1492.6,1475.8,1471.0,1451.2,1458.4,1498.7,1530.5,1549.8,1534.4,1572.8,1617.8,1651.0,1675.0,1702.0,1737.5,1750.9,1809.7,1841.3,1872.9,1892.7,1926.8,1969.6,2000.5,2031.3,2039.4,2043.5,2005.4,1888.6,1746.3,1693.2,1683.3,1694.5,1706.4,1762.3,1810.1,1845.2,1842.7,1890.4,1978.9,2029.4,2081.3,2128.0,2120.9,2144.0,2171.6,2177.5,2214.7,2260.0,2291.7,2353.3,2400.8,2415.5,2412.6,2423.6,2432.4,2412.8,2410.4,2426.1,2457.8,2473.6,2505.1,2531.0,2538.7,2590.5,2654.0,2698.0,2716.7,2749.0,2780.7,2826.0,2846.5,2834.7,2775.5,2535.7,2646.9,2726.2,2810.4,2873.1,2884.8
"10","            Structures","---","---","---","---","---","---","---","---","---","---","---","---","---","---","---","---","---","---","---","---","---","---","---","---","---","---","---","---","---","---","---","---","---","---","---","---","---","---","---","---","---","---","---","---","---","---","---","---","---","---","---","---","---","---","---","---","---","---","---","---","---","---","---","---","---","---","---","---","---","---","---","---","---","---","---","---","---","---","---","---","---","---","---","---","---","---","---","---","---","---","---","---","---","---","---","---","---","---","---","---","---","---","---","---","---","---","---","---","---","---","---","---","---","---","---","---","---","---","---","---","---","---","---","---","---","---","---","---","---","---","---","---","---","---","---","---","---","---","---","---","---","---","---","---","---","---","---","---","---","---","---","---","---","---","---","---","---","---","---","---","---","---","---","---","---","---","---","---","---","---","---","---","---","---","---","---","---","---","---","---","---","---","---","---","---","---","---","---","---","---","---","---","---","---","---","---","---","---","---","---","---","---","---","---","---","---","---","---","---","---","---","---","---","---","---","---","---","---","---","---",506.9,479.4,456.9,450.9,448.1,460.2,458.6,459.5,450.3,453.3,460.7,461.1,467.3,465.4,463.4,468.2,485.7,500.7,510.1,510.3,529.4,558.8,585.6,600.6,603.3,613.3,609.6,595.5,551.3,509.0,474.3,434.1,405.1,416.8,410.7,418.6,387.8,414.8,439.4,454.5,476.0,487.4,481.8,472.5,462.1,475.8,499.8,504.2,521.9,540.3,542.2,551.0,545.1,549.1,531.8,510.6,491.9,501.5,521.4,529.0,538.3,538.6,523.8,529.3,554.2,563.7,557.7,538.9,544.7,563.2,582.0,570.0,568.8,485.8,466.0,456.1,462.1,458.6,453.8
"11","            Equipment","---","---","---","---","---","---","---","---","---","---","---","---","---","---","---","---","---","---","---","---","---","---","---","---","---","---","---","---","---","---","---","---","---","---","---","---","---","---","---","---","---","---","---","---","---","---","---","---","---","---","---","---","---","---","---","---","---","---","---","---","---","---","---","---","---","---","---","---","---","---","---","---","---","---","---","---","---","---","---","---","---","---","---","---","---","---","---","---","---","---","---","---","---","---","---","---","---","---","---","---","---","---","---","---","---","---","---","---","---","---","---","---","---","---","---","---","---","---","---","---","---","---","---","---","---","---","---","---","---","---","---","---","---","---","---","---","---","---","---","---","---","---","---","---","---","---","---","---","---","---","---","---","---","---","---","---","---","---","---","---","---","---","---","---","---","---","---","---","---","---","---","---","---","---","---","---","---","---","---","---","---","---","---","---","---","---","---","---","---","---","---","---","---","---","---","---","---","---","---","---","---","---","---","---","---","---","---","---","---","---","---","---","---","---","---","---","---","---","---","---",610.0,607.1,612.9,601.2,603.4,627.2,647.6,659.0,650.6,678.4,701.9,723.4,730.0,748.2,775.4,786.2,821.1,830.5,837.2,841.7,853.4,865.3,869.7,874.8,870.0,859.5,832.5,735.7,653.7,627.8,643.7,673.5,721.1,768.1,809.5,825.9,846.3,858.0,909.7,930.7,959.6,986.7,983.8,1003.4,1021.1,1019.0,1019.0,1057.9,1066.9,1093.6,1127.0,1116.9,1126.0,1130.3,1148.3,1133.6,1127.6,1113.4,1108.3,1109.0,1115.7,1138.6,1147.4,1180.4,1196.6,1205.4,1221.3,1251.7,1265.2,1273.1,1256.4,1240.6,1168.3,1044.0,1166.6,1237.1,1278.5,1315.7,1307.9
"12","            Intellectual property products","---","---","---","---","---","---","---","---","---","---","---","---","---","---","---","---","---","---","---","---","---","---","---","---","---","---","---","---","---","---","---","---","---","---","---","---","---","---","---","---","---","---","---","---","---","---","---","---","---","---","---","---","---","---","---","---","---","---","---","---","---","---","---","---","---","---","---","---","---","---","---","---","---","---","---","---","---","---","---","---","---","---","---","---","---","---","---","---","---","---","---","---","---","---","---","---","---","---","---","---","---","---","---","---","---","---","---","---","---","---","---","---","---","---","---","---","---","---","---","---","---","---","---","---","---","---","---","---","---","---","---","---","---","---","---","---","---","---","---","---","---","---","---","---","---","---","---","---","---","---","---","---","---","---","---","---","---","---","---","---","---","---","---","---","---","---","---","---","---","---","---","---","---","---","---","---","---","---","---","---","---","---","---","---","---","---","---","---","---","---","---","---","---","---","---","---","---","---","---","---","---","---","---","---","---","---","---","---","---","---","---","---","---","---","---","---","---","---","---","---",417.3,421.6,424.6,422.6,428.9,433.1,441.8,447.0,447.8,452.1,464.3,472.7,484.1,492.2,499.1,497.0,503.1,511.8,528.0,543.1,547.7,551.4,553.3,565.0,575.5,581.1,574.4,570.3,554.7,568.6,574.5,591.9,581.9,579.0,590.3,601.3,607.4,617.4,629.9,644.3,645.7,653.9,655.2,668.0,688.6,682.9,695.8,698.1,702.5,718.5,731.4,746.6,741.1,743.6,753.6,771.3,795.1,814.3,829.4,836.3,851.2,854.7,870.4,884.6,905.2,930.3,940.8,965.8,978.5,995.7,1010.5,1027.1,1036.6,1008.0,1027.7,1053.0,1091.9,1124.6,1149.3
"13","        Residential","---","---","---","---","---","---","---","---","---","---","---","---","---","---","---","---","---","---","---","---","---","---","---","---","---","---","---","---","---","---","---","---","---","---","---","---","---","---","---","---","---","---","---","---","---","---","---","---","---","---","---","---","---","---","---","---","---","---","---","---","---","---","---","---","---","---","---","---","---","---","---","---","---","---","---","---","---","---","---","---","---","---","---","---","---","---","---","---","---","---","---","---","---","---","---","---","---","---","---","---","---","---","---","---","---","---","---","---","---","---","---","---","---","---","---","---","---","---","---","---","---","---","---","---","---","---","---","---","---","---","---","---","---","---","---","---","---","---","---","---","---","---","---","---","---","---","---","---","---","---","---","---","---","---","---","---","---","---","---","---","---","---","---","---","---","---","---","---","---","---","---","---","---","---","---","---","---","---","---","---","---","---","---","---","---","---","---","---","---","---","---","---","---","---","---","---","---","---","---","---","---","---","---","---","---","---","---","---","---","---","---","---","---","---","---","---","---","---","---","---",675.9,692.6,694.7,707.2,720.2,731.7,773.6,796.6,805.9,831.4,837.4,848.9,868.9,885.0,894.7,892.9,884.6,840.3,793.8,756.9,722.7,694.3,650.1,596.1,548.7,523.8,497.2,448.8,405.3,380.4,398.1,397.2,384.4,404.4,368.6,374.7,373.4,377.6,384.4,394.4,418.3,421.9,432.7,455.2,471.8,486.8,495.5,487.7,484.3,499.8,507.1,525.2,535.5,548.9,563.7,573.6,591.2,592.0,588.9,596.3,611.8,615.7,612.7,623.2,616.5,621.5,612.2,599.0,599.1,605.2,610.6,612.2,641.2,584.9,657.8,708.2,730.6,708.2,694.2
"14","    Change in private inventories","---","---","---","---","---","---","---","---","---","---","---","---","---","---","---","---","---","---","---","---","---","---","---","---","---","---","---","---","---","---","---","---","---","---","---","---","---","---","---","---","---","---","---","---","---","---","---","---","---","---","---","---","---","---","---","---","---","---","---","---","---","---","---","---","---","---","---","---","---","---","---","---","---","---","---","---","---","---","---","---","---","---","---","---","---","---","---","---","---","---","---","---","---","---","---","---","---","---","---","---","---","---","---","---","---","---","---","---","---","---","---","---","---","---","---","---","---","---","---","---","---","---","---","---","---","---","---","---","---","---","---","---","---","---","---","---","---","---","---","---","---","---","---","---","---","---","---","---","---","---","---","---","---","---","---","---","---","---","---","---","---","---","---","---","---","---","---","---","---","---","---","---","---","---","---","---","---","---","---","---","---","---","---","---","---","---","---","---","---","---","---","---","---","---","---","---","---","---","---","---","---","---","---","---","---","---","---","---","---","---","---","---","---","---","---","---","---","---","---","---",-7.8,33.1,28.7,43.4,39.9,-9.2,2.8,46.2,58.7,97.7,83.1,91.1,124.9,24.7,7.9,97.4,102.7,92.7,97.3,55.7,27.5,56.4,43.4,35.0,1.6,-25.4,-19.3,-87.6,-179.0,-228.3,-245.1,-56.8,-5.0,33.3,128.8,72.1,32.8,71.3,-17.7,100.4,72.8,87.1,98.0,27.0,81.2,85.8,147.6,120.0,58.3,98.6,106.3,82.0,177.3,156.5,125.2,91.4,59.1,23.0,-6.2,66.9,-13.0,18.5,83.4,45.6,63.5,11.1,101.0,87.3,131.7,84.3,68.3,16.3,-30.4,-252.8,25.3,88.8,-88.3,-168.5,-66.8
"15","Net exports of goods and services","---","---","---","---","---","---","---","---","---","---","---","---","---","---","---","---","---","---","---","---","---","---","---","---","---","---","---","---","---","---","---","---","---","---","---","---","---","---","---","---","---","---","---","---","---","---","---","---","---","---","---","---","---","---","---","---","---","---","---","---","---","---","---","---","---","---","---","---","---","---","---","---","---","---","---","---","---","---","---","---","---","---","---","---","---","---","---","---","---","---","---","---","---","---","---","---","---","---","---","---","---","---","---","---","---","---","---","---","---","---","---","---","---","---","---","---","---","---","---","---","---","---","---","---","---","---","---","---","---","---","---","---","---","---","---","---","---","---","---","---","---","---","---","---","---","---","---","---","---","---","---","---","---","---","---","---","---","---","---","---","---","---","---","---","---","---","---","---","---","---","---","---","---","---","---","---","---","---","---","---","---","---","---","---","---","---","---","---","---","---","---","---","---","---","---","---","---","---","---","---","---","---","---","---","---","---","---","---","---","---","---","---","---","---","---","---","---","---","---","---",-646.4,-672.8,-693.6,-748.3,-743.4,-770.5,-767.8,-774.9,-804.0,-861.4,-888.4,-908.5,-901.5,-900.2,-914.2,-945.5,-933.7,-929.0,-957.1,-890.7,-894.6,-882.1,-841.3,-773.7,-753.7,-672.3,-647.8,-668.9,-577.3,-473.7,-500.5,-513.6,-531.8,-601.3,-634.9,-589.5,-584.8,-559.5,-560.1,-579.6,-566.7,-555.3,-556.5,-528.0,-515.0,-534.8,-535.4,-492.1,-551.5,-566.7,-562.6,-620.3,-683.6,-699.9,-746.6,-756.7,-759.3,-744.6,-730.4,-794.0,-783.2,-808.0,-790.3,-816.3,-826.4,-807.2,-896.9,-926.5,-906.7,-935.3,-931.5,-847.6,-841.9,-774.8,-1021.3,-1132.8,-1226.1,-1244.5,-1316.6
"16","    Exports",97.6,96.4,91.5,81.1,77.4,70.2,71.8,69.3,77.6,76.9,70.5,61.0,60.0,60.8,62.3,67.4,70.8,77.7,79.6,78.9,83.1,74.0,68.1,68.6,67.4,67.8,70.6,68.2,65.2,74.5,72.1,75.5,78.3,76.4,81.5,81.8,85.7,91.5,94.5,98.8,105.2,102.1,99.2,96.3,86.7,87.1,87.4,87.1,93.4,92.6,101.6,96.6,109.0,112.1,114.6,115.2,114.4,109.1,114.0,115.9,115.2,121.8,121.6,117.6,119.4,129.0,128.3,133.3,140.1,139.5,143.9,146.8,129.7,151.4,148.0,157.1,153.2,157.8,155.9,159.8,161.8,159.6,158.4,161.3,165.9,168.6,180.6,176.6,156.1,190.3,187.1,192.0,194.5,202.1,202.9,203.3,205.2,203.6,213.8,194.1,216.1,209.8,222.5,231.9,248.9,260.9,261.7,274.6,278.2,291.7,276.0,283.2,285.2,276.9,272.2,287.6,285.6,288.5,296.9,299.9,295.1,303.0,305.4,295.6,302.6,334.1,337.8,351.2,351.5,352.4,365.1,388.0,398.8,406.4,405.5,403.0,410.6,412.8,404.1,405.9,388.3,390.6,373.3,356.2,361.9,363.0,368.5,375.9,383.7,393.3,401.9,410.1,411.2,410.3,404.3,416.4,429.5,434.1,444.0,460.6,461.0,480.0,500.8,519.5,548.4,563.7,574.9,592.4,610.1,636.8,643.3,653.0,681.4,689.9,695.1,701.2,705.5,731.2,748.5,765.4,779.2,779.6,796.1,800.1,801.9,811.5,809.3,835.4,843.6,872.1,904.7,925.6,943.4,956.6,998.0,1012.3,1024.5,1041.1,1049.5,1115.0,1136.2,1181.6,1208.9,1207.3,1212.9,1199.5,1193.9,1238.1,1234.5,1249.6,1287.2,1314.6,1333.7,1374.3,1407.3,1393.3,1375.8,1335.4,1267.0,1222.9,1249.6,1286.8,1290.9,1271.8,1267.9,1270.1,1304.8,1363.5,1394.3,1423.5,1428.2,1462.1,1489.5,1522.7,1522.4,1569.6,1633.2,1663.4,1661.2,1724.3,1758.4,1785.1,1840.8,1883.1,1913.0,1969.2,1960.4,1845.0,1697.6,1708.8,1772.0,1871.5,1916.2,1958.4,2014.2,2069.3,2087.1,2122.3,2151.5,2167.7,2194.1,2215.8,2229.4,2231.6,2242.3,2262.5,2282.0,2347.6,2324.8,2375.1,2384.8,2404.4,2384.8,2391.1,2371.2,2367.7,2360.7,2378.6,2415.6,2398.6,2455.6,2465.4,2481.9,2540.1,2551.6,2582.9,2542.5,2545.6,2565.3,2551.3,2545.9,2553.3,2442.1,1943.0,2166.3,2279.0,2262.3,2304.2,2273.0
"17","        Goods","---","---","---","---","---","---","---","---","---","---","---","---","---","---","---","---","---","---","---","---","---","---","---","---","---","---","---","---","---","---","---","---","---","---","---","---","---","---","---","---","---","---","---","---","---","---","---","---","---","---","---","---","---","---","---","---","---","---","---","---","---","---","---","---","---","---","---","---","---","---","---","---","---","---","---","---","---","---","---","---","---","---","---","---","---","---","---","---","---","---","---","---","---","---","---","---","---","---","---","---","---","---","---","---","---","---","---","---","---","---","---","---","---","---","---","---","---","---","---","---","---","---","---","---","---","---","---","---","---","---","---","---","---","---","---","---","---","---","---","---","---","---","---","---","---","---","---","---","---","---","---","---","---","---","---","---","---","---","---","---","---","---","---","---","---","---","---","---","---","---","---","---","---","---","---","---","---","---","---","---","---","---","---","---","---","---","---","---","---","---","---","---","---","---","---","---","---","---","---","---","---","---","---","---","---","---","---","---","---","---","---","---","---","---","---","---","---","---","---","---",878.1,907.3,912.9,890.7,901.5,902.5,923.5,965.2,982.0,1000.4,1012.0,1029.8,1049.2,1082.2,1083.4,1115.7,1165.2,1185.5,1189.7,1225.2,1237.6,1255.0,1289.3,1317.1,1342.1,1388.0,1389.0,1278.8,1145.4,1139.1,1195.0,1277.8,1314.9,1352.9,1384.8,1425.2,1440.4,1462.1,1475.8,1507.7,1515.0,1533.6,1542.8,1527.1,1537.3,1561.2,1569.6,1630.1,1601.6,1643.7,1659.9,1673.7,1641.3,1652.5,1635.5,1626.3,1634.3,1634.1,1663.6,1665.0,1698.8,1698.4,1707.0,1765.4,1772.4,1820.3,1779.3,1786.6,1804.6,1781.1,1786.0,1782.5,1760.9,1354.5,1608.7,1703.1,1696.9,1723.5,1701.3
"18","        Services","---","---","---","---","---","---","---","---","---","---","---","---","---","---","---","---","---","---","---","---","---","---","---","---","---","---","---","---","---","---","---","---","---","---","---","---","---","---","---","---","---","---","---","---","---","---","---","---","---","---","---","---","---","---","---","---","---","---","---","---","---","---","---","---","---","---","---","---","---","---","---","---","---","---","---","---","---","---","---","---","---","---","---","---","---","---","---","---","---","---","---","---","---","---","---","---","---","---","---","---","---","---","---","---","---","---","---","---","---","---","---","---","---","---","---","---","---","---","---","---","---","---","---","---","---","---","---","---","---","---","---","---","---","---","---","---","---","---","---","---","---","---","---","---","---","---","---","---","---","---","---","---","---","---","---","---","---","---","---","---","---","---","---","---","---","---","---","---","---","---","---","---","---","---","---","---","---","---","---","---","---","---","---","---","---","---","---","---","---","---","---","---","---","---","---","---","---","---","---","---","---","---","---","---","---","---","---","---","---","---","---","---","---","---","---","---","---","---","---","---",371.7,379.6,378.1,381.4,366.5,367.7,381.4,398.4,412.3,423.2,416.2,432.3,440.4,440.7,439.2,454.0,468.2,478.2,471.8,499.3,520.9,530.1,551.4,565.8,570.9,581.1,571.3,566.4,551.6,568.8,576.5,593.7,601.3,605.6,629.4,644.1,646.6,660.2,675.8,659.9,679.1,682.2,686.6,704.5,704.9,701.3,712.2,717.7,723.0,731.6,725.6,731.6,742.7,738.6,735.4,740.1,727.1,743.0,751.1,734.9,757.2,766.2,773.7,776.6,780.9,768.7,767.2,763.9,766.6,773.5,764.7,773.7,695.3,588.8,581.4,603.4,594.1,609.0,599.8
"19","    Imports",60.4,61.6,54.6,57.5,64.9,67.5,71.0,69.8,67.7,66.7,64.0,65.0,66.8,70.5,87.0,87.1,87.2,84.3,77.1,75.1,83.8,83.4,88.5,96.4,94.1,98.9,98.6,93.7,88.3,96.2,90.4,91.3,96.7,102.2,103.9,107.7,112.2,111.6,112.6,107.4,115.9,116.8,114.6,115.0,116.7,121.7,119.8,126.1,129.4,135.7,137.0,133.6,138.6,139.6,135.5,129.1,128.5,130.1,138.7,142.0,146.3,149.5,151.4,153.2,149.7,153.2,157.1,156.6,156.5,160.0,164.3,168.7,162.6,181.8,182.6,191.5,196.4,201.3,212.6,215.0,218.3,216.6,219.5,231.0,244.6,248.4,263.3,261.1,236.5,283.1,279.4,276.4,275.5,280.9,280.3,284.6,281.2,302.5,309.2,288.2,330.3,318.6,325.2,339.9,355.6,345.3,335.8,338.3,326.8,344.1,338.1,334.8,301.2,277.1,300.1,316.1,335.9,350.5,364.8,376.8,394.7,398.3,392.8,398.3,425.1,426.4,432.0,437.9,436.7,439.1,432.4,441.8,442.1,410.0,380.5,400.9,418.0,418.6,413.8,425.7,413.5,406.8,425.6,408.9,418.3,450.5,485.6,509.4,550.3,573.4,588.2,605.5,592.1,621.2,615.2,639.3,638.6,665.8,684.3,689.6,685.5,702.7,716.4,732.8,729.4,721.0,738.0,760.5,764.0,767.6,766.6,780.5,805.2,803.9,800.6,779.2,770.3,784.0,806.0,823.8,829.8,843.5,856.8,877.3,896.3,914.8,926.8,964.1,986.5,1023.3,1052.0,1081.6,1105.4,1115.9,1119.7,1134.0,1170.9,1197.1,1235.9,1260.3,1314.1,1358.2,1408.3,1438.7,1492.6,1526.8,1547.4,1597.5,1642.6,1689.8,1750.9,1795.7,1863.5,1922.9,1992.0,1995.0,1969.2,1906.2,1863.0,1843.7,1896.0,1959.6,1984.5,2020.1,2011.3,2040.7,2072.6,2138.4,2198.3,2284.9,2316.6,2370.6,2391.0,2423.0,2436.6,2515.1,2566.9,2592.5,2618.4,2615.0,2653.1,2667.2,2682.1,2656.8,2666.7,2641.5,2608.2,2513.8,2274.9,2182.5,2272.5,2385.1,2448.0,2559.7,2649.1,2658.9,2671.9,2681.9,2711.6,2747.2,2760.7,2771.0,2785.9,2759.6,2757.3,2797.3,2817.4,2839.7,2876.3,2941.8,2947.4,3024.7,3068.5,3091.1,3117.8,3124.4,3120.0,3123.2,3146.0,3192.5,3238.8,3273.4,3272.2,3356.5,3378.0,3390.1,3439.4,3472.1,3472.0,3486.6,3477.4,3400.9,3283.9,2717.7,3187.5,3411.8,3488.4,3548.7,3589.6
"20","        Goods","---","---","---","---","---","---","---","---","---","---","---","---","---","---","---","---","---","---","---","---","---","---","---","---","---","---","---","---","---","---","---","---","---","---","---","---","---","---","---","---","---","---","---","---","---","---","---","---","---","---","---","---","---","---","---","---","---","---","---","---","---","---","---","---","---","---","---","---","---","---","---","---","---","---","---","---","---","---","---","---","---","---","---","---","---","---","---","---","---","---","---","---","---","---","---","---","---","---","---","---","---","---","---","---","---","---","---","---","---","---","---","---","---","---","---","---","---","---","---","---","---","---","---","---","---","---","---","---","---","---","---","---","---","---","---","---","---","---","---","---","---","---","---","---","---","---","---","---","---","---","---","---","---","---","---","---","---","---","---","---","---","---","---","---","---","---","---","---","---","---","---","---","---","---","---","---","---","---","---","---","---","---","---","---","---","---","---","---","---","---","---","---","---","---","---","---","---","---","---","---","---","---","---","---","---","---","---","---","---","---","---","---","---","---","---","---","---","---","---","---",1571.5,1640.1,1671.1,1692.6,1690.8,1734.6,1747.0,1803.8,1856.1,1933.7,1959.6,2008.9,2031.9,2061.0,2069.8,2140.5,2173.1,2197.8,2226.8,2209.9,2238.8,2248.3,2256.5,2234.0,2232.3,2213.5,2172.2,2065.9,1835.9,1742.4,1829.0,1933.2,1992.5,2102.2,2181.5,2192.8,2213.9,2213.1,2235.6,2273.6,2285.8,2293.6,2307.9,2285.7,2296.9,2334.6,2354.6,2371.1,2400.3,2467.6,2473.7,2536.5,2591.2,2609.3,2628.3,2620.7,2619.5,2621.5,2634.9,2689.3,2720.0,2743.7,2736.5,2837.7,2867.9,2869.9,2920.6,2938.4,2938.6,2938.6,2927.3,2853.9,2799.0,2363.3,2823.3,3015.4,3092.7,3125.5,3122.8
"21","        Services","---","---","---","---","---","---","---","---","---","---","---","---","---","---","---","---","---","---","---","---","---","---","---","---","---","---","---","---","---","---","---","---","---","---","---","---","---","---","---","---","---","---","---","---","---","---","---","---","---","---","---","---","---","---","---","---","---","---","---","---","---","---","---","---","---","---","---","---","---","---","---","---","---","---","---","---","---","---","---","---","---","---","---","---","---","---","---","---","---","---","---","---","---","---","---","---","---","---","---","---","---","---","---","---","---","---","---","---","---","---","---","---","---","---","---","---","---","---","---","---","---","---","---","---","---","---","---","---","---","---","---","---","---","---","---","---","---","---","---","---","---","---","---","---","---","---","---","---","---","---","---","---","---","---","---","---","---","---","---","---","---","---","---","---","---","---","---","---","---","---","---","---","---","---","---","---","---","---","---","---","---","---","---","---","---","---","---","---","---","---","---","---","---","---","---","---","---","---","---","---","---","---","---","---","---","---","---","---","---","---","---","---","---","---","---","---","---","---","---","---",323.7,318.9,313.0,326.9,320.3,306.9,325.4,334.5,342.3,351.7,357.3,362.3,360.0,363.1,367.8,375.6,394.5,395.5,392.7,405.6,414.8,419.2,425.7,422.6,434.0,427.4,436.0,448.1,436.9,436.6,441.3,450.5,454.6,457.3,467.7,466.2,458.1,468.8,476.0,473.4,474.8,477.4,478.0,474.0,460.6,463.0,463.2,468.9,476.2,475.2,474.8,489.3,480.7,485.1,492.3,504.4,501.6,502.7,510.9,505.8,520.0,530.0,534.8,523.6,517.0,525.6,525.9,539.1,539.1,551.2,552.3,547.0,494.1,372.7,397.7,430.7,433.0,456.6,492.2
"22","Government consumption expenditures and gross investment",524.0,523.6,523.5,519.2,527.0,545.6,556.9,577.5,592.8,618.5,621.8,610.9,599.6,610.5,600.7,643.1,711.5,806.4,895.0,942.4,970.4,1003.5,1013.6,1030.5,1063.2,1085.0,1073.4,1070.8,1042.9,1007.6,985.8,979.9,980.5,970.9,977.1,957.7,957.4,976.8,968.2,992.8,1014.1,1008.9,1017.4,1034.2,1025.2,1050.8,1056.9,1078.2,1067.2,1080.4,1089.7,1080.7,1062.3,1074.2,1100.5,1108.1,1124.6,1127.4,1151.5,1176.7,1199.4,1205.5,1233.3,1241.9,1225.0,1225.9,1280.3,1267.0,1271.0,1282.4,1283.9,1283.4,1281.9,1297.1,1340.1,1365.5,1390.9,1417.2,1455.9,1481.0,1543.6,1537.2,1554.2,1566.0,1594.0,1602.3,1607.1,1608.6,1612.2,1607.2,1610.5,1588.8,1581.1,1562.8,1569.4,1570.1,1547.1,1543.6,1542.8,1531.9,1540.4,1546.6,1517.1,1529.7,1542.9,1532.0,1514.0,1525.3,1552.9,1560.7,1563.8,1571.3,1588.4,1574.9,1604.4,1618.4,1621.0,1602.9,1598.2,1597.3,1610.8,1625.6,1632.1,1628.2,1628.6,1669.5,1684.9,1700.1,1683.3,1699.7,1704.6,1715.9,1741.0,1744.5,1720.7,1720.3,1743.3,1746.7,1740.7,1762.8,1760.8,1767.5,1781.7,1809.2,1826.6,1841.6,1873.4,1843.4,1863.0,1903.4,1918.8,1959.1,1980.5,2024.4,2070.6,2079.1,2095.5,2139.2,2185.8,2176.8,2189.5,2206.5,2208.8,2241.9,2223.2,2229.9,2230.1,2273.4,2263.4,2298.2,2318.9,2330.5,2367.8,2371.5,2375.3,2391.2,2405.4,2415.2,2408.5,2390.8,2412.0,2407.4,2422.7,2422.4,2392.4,2392.6,2396.0,2404.4,2374.7,2386.5,2426.7,2405.6,2414.0,2422.1,2415.7,2390.5,2406.2,2436.2,2436.2,2453.0,2440.2,2471.9,2483.3,2495.8,2486.8,2530.4,2549.4,2564.5,2582.9,2592.2,2623.4,2664.2,2645.3,2671.4,2660.1,2676.4,2718.3,2765.4,2762.7,2808.5,2857.3,2879.3,2894.2,2915.6,2917.9,2944.7,2951.2,2969.1,2982.7,2990.8,2996.3,2994.6,3009.6,3007.8,3017.8,3020.1,3058.5,3057.6,3053.1,3078.2,3082.5,3110.7,3124.9,3149.5,3156.9,3184.3,3210.0,3231.9,3268.8,3316.6,3325.7,3331.6,3317.3,3327.6,3304.1,3283.0,3242.8,3220.8,3174.8,3172.5,3158.9,3142.4,3137.7,3106.9,3078.9,3073.7,3057.2,3033.1,3020.6,3024.4,3044.7,3043.2,3059.0,3085.1,3099.1,3110.3,3142.8,3137.9,3153.9,3160.5,3153.8,3163.2,3160.7,3183.0,3189.7,3212.2,3220.0,3213.4,3235.2,3274.9,3291.7,3316.3,3346.3,3378.1,3360.2,3356.0,3390.9,3373.8,3381.6
"23","    Federal","---","---","---","---","---","---","---","---","---","---","---","---","---","---","---","---","---","---","---","---","---","---","---","---","---","---","---","---","---","---","---","---","---","---","---","---","---","---","---","---","---","---","---","---","---","---","---","---","---","---","---","---","---","---","---","---","---","---","---","---","---","---","---","---","---","---","---","---","---","---","---","---","---","---","---","---","---","---","---","---","---","---","---","---","---","---","---","---","---","---","---","---","---","---","---","---","---","---","---","---","---","---","---","---","---","---","---","---","---","---","---","---","---","---","---","---","---","---","---","---","---","---","---","---","---","---","---","---","---","---","---","---","---","---","---","---","---","---","---","---","---","---","---","---","---","---","---","---","---","---","---","---","---","---","---","---","---","---","---","---","---","---","---","---","---","---","---","---","---","---","---","---","---","---","---","---","---","---","---","---","---","---","---","---","---","---","---","---","---","---","---","---","---","---","---","---","---","---","---","---","---","---","---","---","---","---","---","---","---","---","---","---","---","---","---","---","---","---","---","---",946.8,965.2,974.7,991.3,1002.5,1037.1,1036.8,1056.1,1067.6,1073.9,1085.7,1083.7,1095.8,1094.6,1103.1,1103.5,1132.2,1124.4,1114.3,1130.4,1123.7,1142.1,1152.1,1171.3,1189.1,1214.5,1230.3,1246.3,1262.8,1292.8,1304.6,1324.0,1338.8,1356.4,1350.2,1348.0,1329.0,1323.9,1295.1,1299.9,1299.9,1289.5,1292.2,1266.4,1237.4,1227.4,1209.6,1188.9,1187.7,1180.7,1193.9,1176.5,1181.3,1183.5,1182.3,1191.1,1194.0,1184.3,1191.5,1192.3,1183.8,1193.7,1193.4,1207.7,1213.0,1228.1,1238.5,1244.2,1248.7,1275.5,1286.8,1298.0,1305.8,1368.4,1349.6,1338.8,1375.2,1356.7,1339.1
"24","        National defense","---","---","---","---","---","---","---","---","---","---","---","---","---","---","---","---","---","---","---","---","---","---","---","---","---","---","---","---","---","---","---","---","---","---","---","---","---","---","---","---","---","---","---","---","---","---","---","---","---","---","---","---","---","---","---","---","---","---","---","---","---","---","---","---","---","---","---","---","---","---","---","---","---","---","---","---","---","---","---","---","---","---","---","---","---","---","---","---","---","---","---","---","---","---","---","---","---","---","---","---","---","---","---","---","---","---","---","---","---","---","---","---","---","---","---","---","---","---","---","---","---","---","---","---","---","---","---","---","---","---","---","---","---","---","---","---","---","---","---","---","---","---","---","---","---","---","---","---","---","---","---","---","---","---","---","---","---","---","---","---","---","---","---","---","---","---","---","---","---","---","---","---","---","---","---","---","---","---","---","---","---","---","---","---","---","---","---","---","---","---","---","---","---","---","---","---","---","---","---","---","---","---","---","---","---","---","---","---","---","---","---","---","---","---","---","---","---","---","---","---",593.4,603.3,607.8,620.1,630.3,659.9,656.6,675.5,685.3,688.3,703.1,694.4,706.6,708.7,712.1,706.8,722.5,721.5,706.9,728.5,722.5,738.7,743.4,756.8,769.2,783.1,800.9,812.9,815.4,836.4,842.8,852.3,857.1,863.1,861.4,863.6,847.8,851.4,839.7,832.5,827.1,817.0,819.1,793.5,774.1,769.2,753.4,741.6,732.4,727.8,737.0,716.6,714.7,715.3,708.4,714.0,713.3,702.5,710.8,710.0,703.3,717.9,716.0,725.5,723.2,737.1,743.4,755.8,765.4,773.4,781.9,793.4,791.9,798.2,801.6,812.0,799.9,797.8,794.3
"25","        Nondefense","---","---","---","---","---","---","---","---","---","---","---","---","---","---","---","---","---","---","---","---","---","---","---","---","---","---","---","---","---","---","---","---","---","---","---","---","---","---","---","---","---","---","---","---","---","---","---","---","---","---","---","---","---","---","---","---","---","---","---","---","---","---","---","---","---","---","---","---","---","---","---","---","---","---","---","---","---","---","---","---","---","---","---","---","---","---","---","---","---","---","---","---","---","---","---","---","---","---","---","---","---","---","---","---","---","---","---","---","---","---","---","---","---","---","---","---","---","---","---","---","---","---","---","---","---","---","---","---","---","---","---","---","---","---","---","---","---","---","---","---","---","---","---","---","---","---","---","---","---","---","---","---","---","---","---","---","---","---","---","---","---","---","---","---","---","---","---","---","---","---","---","---","---","---","---","---","---","---","---","---","---","---","---","---","---","---","---","---","---","---","---","---","---","---","---","---","---","---","---","---","---","---","---","---","---","---","---","---","---","---","---","---","---","---","---","---","---","---","---","---",353.2,361.5,366.5,370.9,372.0,377.2,380.1,380.6,382.4,385.7,382.8,389.4,389.2,386.1,391.0,396.8,409.7,403.1,407.4,402.0,401.3,403.4,408.7,414.6,420.0,431.5,429.4,433.4,447.4,456.4,461.8,471.8,481.8,493.2,488.7,484.4,481.2,472.5,455.4,467.5,472.8,472.5,473.1,472.9,463.3,458.1,456.1,447.2,455.1,452.8,456.8,459.6,466.2,467.8,473.3,476.6,480.2,481.1,480.1,481.7,479.9,475.4,476.9,481.8,489.2,490.5,494.6,488.3,483.5,501.9,504.7,504.7,513.7,568.6,547.0,526.7,573.7,557.7,543.9
"26","    State and local","---","---","---","---","---","---","---","---","---","---","---","---","---","---","---","---","---","---","---","---","---","---","---","---","---","---","---","---","---","---","---","---","---","---","---","---","---","---","---","---","---","---","---","---","---","---","---","---","---","---","---","---","---","---","---","---","---","---","---","---","---","---","---","---","---","---","---","---","---","---","---","---","---","---","---","---","---","---","---","---","---","---","---","---","---","---","---","---","---","---","---","---","---","---","---","---","---","---","---","---","---","---","---","---","---","---","---","---","---","---","---","---","---","---","---","---","---","---","---","---","---","---","---","---","---","---","---","---","---","---","---","---","---","---","---","---","---","---","---","---","---","---","---","---","---","---","---","---","---","---","---","---","---","---","---","---","---","---","---","---","---","---","---","---","---","---","---","---","---","---","---","---","---","---","---","---","---","---","---","---","---","---","---","---","---","---","---","---","---","---","---","---","---","---","---","---","---","---","---","---","---","---","---","---","---","---","---","---","---","---","---","---","---","---","---","---","---","---","---","---",1923.7,1926.3,1931.3,1935.3,1925.3,1914.9,1921.9,1919.2,1920.6,1922.1,1914.9,1915.3,1917.6,1917.0,1918.2,1920.2,1928.9,1936.2,1942.4,1951.0,1962.4,1971.8,1975.8,1980.8,1970.0,1971.6,1981.5,1987.3,2007.7,2025.2,2022.3,2008.4,1978.9,1971.3,1953.9,1934.9,1913.8,1896.9,1879.8,1872.6,1859.0,1852.9,1845.5,1840.5,1841.3,1846.0,1847.0,1843.4,1832.2,1842.7,1849.9,1865.4,1876.3,1900.0,1915.1,1917.5,1946.9,1951.6,1960.4,1966.2,1967.8,1967.5,1965.3,1973.4,1974.9,1982.5,1980.2,1968.1,1985.4,1998.7,2004.3,2017.6,2039.7,2011.0,2011.4,2017.6,2017.1,2017.9,2042.1
"27","Residual",-28.8,-25.0,-16.5,-20.0,-33.7,-52.4,-59.2,-66.0,-56.4,-60.4,-75.1,-63.6,-69.3,-64.5,-53.9,-88.9,-107.3,-151.3,-174.7,-183.8,-194.5,-198.9,-225.5,-223.1,-228.2,-235.5,-226.1,-217.3,-209.4,-188.0,-176.4,-172.8,-176.4,-172.2,-167.8,-164.8,-164.1,-162.1,-155.8,-161.9,-164.6,-167.3,-171.8,-168.1,-176.6,-189.7,-200.7,-206.4,-188.8,-201.5,-182.6,-192.5,-194.1,-178.8,-192.6,-168.9,-183.6,-196.9,-212.0,-211.9,-225.7,-211.4,-222.1,-219.9,-222.1,-203.9,-220.5,-204.9,-198.6,-202.6,-201.5,-197.4,-217.2,-197.2,-210.1,-205.1,-224.2,-231.1,-238.7,-262.9,-281.3,-251.2,-261.1,-257.4,-256.7,-277.0,-251.7,-246.2,-264.1,-239.6,-244.0,-227.7,-212.0,-220.2,-219.2,-191.5,-230.8,-216.4,-208.2,-180.2,-175.1,-201.6,-192.8,-164.1,-161.6,-174.3,-146.3,-171.8,-149.3,-160.5,-153.0,-184.7,-144.2,-130.9,-165.5,-165.6,-192.9,-203.0,-196.5,-163.6,-177.8,-172.4,-193.1,-169.4,-178.3,-147.3,-140.1,-139.9,-119.5,-130.3,-93.1,-88.6,-91.9,-97.6,-23.6,-51.5,-115.8,-79.4,-114.2,-102.4,-73.0,-98.7,-138.8,-100.1,-99.4,-141.4,-145.5,-152.1,-210.0,-203.8,-205.0,-179.8,-144.3,-164.8,-173.9,-186.2,-180.3,-178.8,-167.5,-163.5,-212.0,-194.3,-164.5,-245.3,-175.6,-169.7,-164.5,-177.7,-192.7,-180.1,-148.1,-160.4,-160.8,-188.0,-177.0,-144.9,-146.1,-140.8,-163.4,-189.2,-159.2,-172.1,-169.3,-167.5,-181.0,-162.9,-133.5,-138.8,-168.1,-206.8,-173.7,-187.5,-169.1,-139.8,-97.0,-91.8,-76.5,-100.1,-131.0,-96.5,-82.1,-174.8,-122.8,-128.6,-166.6,-75.5,-85.9,-88.4,-116.3,-47.0,-52.9,-105.6,-4.4,-91.8,-54.2,-50.9,59.7,8.3,45.3,99.0,-103.6,-92.4,-68.2,-82.1,-79.6,-48.5,-32.5,-26.9,-20.7,-13.3,0.6,12.5,11.7,38.9,55.0,38.4,33.5,33.4,34.1,32.1,41.3,28.8,22.2,15.1,4.8,1.5,5.6,-18.5,-23.5,-21.0,-1.0,-15.9,-13.7,-10.9,-14.3,-6.4,-5.3,-4.6,-4.0,-0.8,4.6,-0.3,-2.8,-1.5,-3.1,2.3,0.8,-1.0,2.9,3.8,-1.4,-2.9,4.5,9.0,11.8,17.4,14.9,17.8,19.4,9.0,32.4,24.0,-9.6,0.4,-2.2,-4.5,-15.9,-6.3,-33.8,-20.7,-29.3,-45.4,-25.5,-95.1,-117.5,-96.7,-91.5,-101.7,-57.1
"Legend / Footnotes:"
"Note. Chained (2012) dollar series are calculated as the product of the chain-type quantity index and the 2012 current-dollar value of the corresponding series, divided by 100. Because the formula for the chain-type quantity indexes uses weights of more than one period, the corresponding chained-dollar estimates are usually not additive. The residual line is the difference between the first line and the sum of the most detailed lines."
