"LOCATION","INDICATOR","SUBJECT","MEASURE","FREQUENCY","TIME","Value","Flag Codes"
"USA","CCI","AMPLITUD","LTRENDIDX","M","1960-01",101.755,
"USA","CCI","AMPLITUD","LTRENDIDX","M","1960-02",101.459,
"USA","CCI","AMPLITUD","LTRENDIDX","M","1960-03",101.2032,
"USA","CCI","AMPLITUD","LTRENDIDX","M","1960-04",101.0621,
"USA","CCI","AMPLITUD","LTRENDIDX","M","1960-05",101.0978,
"USA","CCI","AMPLITUD","LTRENDIDX","M","1960-06",101.1986,
"USA","CCI","AMPLITUD","LTRENDIDX","M","1960-07",101.2199,
"USA","CCI","AMPLITUD","LTRENDIDX","M","1960-08",101.0588,
"USA","CCI","AMPLITUD","LTRENDIDX","M","1960-09",100.8092,
"USA","CCI","AMPLITUD","LTRENDIDX","M","1960-10",100.6019,
"USA","CCI","AMPLITUD","LTRENDIDX","M","1960-11",100.5346,
"USA","CCI","AMPLITUD","LTRENDIDX","M","1960-12",100.5589,
"USA","CCI","AMPLITUD","LTRENDIDX","M","1961-01",100.6147,
"USA","CCI","AMPLITUD","LTRENDIDX","M","1961-02",100.6741,
"USA","CCI","AMPLITUD","LTRENDIDX","M","1961-03",100.7532,
"USA","CCI","AMPLITUD","LTRENDIDX","M","1961-04",100.8931,
"USA","CCI","AMPLITUD","LTRENDIDX","M","1961-05",101.1215,
"USA","CCI","AMPLITUD","LTRENDIDX","M","1961-06",101.3532,
"USA","CCI","AMPLITUD","LTRENDIDX","M","1961-07",101.4645,
"USA","CCI","AMPLITUD","LTRENDIDX","M","1961-08",101.363,
"USA","CCI","AMPLITUD","LTRENDIDX","M","1961-09",101.1787,
"USA","CCI","AMPLITUD","LTRENDIDX","M","1961-10",101.0863,
"USA","CCI","AMPLITUD","LTRENDIDX","M","1961-11",101.2092,
"USA","CCI","AMPLITUD","LTRENDIDX","M","1961-12",101.4328,
"USA","CCI","AMPLITUD","LTRENDIDX","M","1962-01",101.5924,
"USA","CCI","AMPLITUD","LTRENDIDX","M","1962-02",101.5611,
"USA","CCI","AMPLITUD","LTRENDIDX","M","1962-03",101.4012,
"USA","CCI","AMPLITUD","LTRENDIDX","M","1962-04",101.1928,
"USA","CCI","AMPLITUD","LTRENDIDX","M","1962-05",100.9906,
"USA","CCI","AMPLITUD","LTRENDIDX","M","1962-06",100.8294,
"USA","CCI","AMPLITUD","LTRENDIDX","M","1962-07",100.7545,
"USA","CCI","AMPLITUD","LTRENDIDX","M","1962-08",100.8123,
"USA","CCI","AMPLITUD","LTRENDIDX","M","1962-09",100.9528,
"USA","CCI","AMPLITUD","LTRENDIDX","M","1962-10",101.126,
"USA","CCI","AMPLITUD","LTRENDIDX","M","1962-11",101.2941,
"USA","CCI","AMPLITUD","LTRENDIDX","M","1962-12",101.4123,
"USA","CCI","AMPLITUD","LTRENDIDX","M","1963-01",101.4135,
"USA","CCI","AMPLITUD","LTRENDIDX","M","1963-02",101.2436,
"USA","CCI","AMPLITUD","LTRENDIDX","M","1963-03",101.014,
"USA","CCI","AMPLITUD","LTRENDIDX","M","1963-04",100.869,
"USA","CCI","AMPLITUD","LTRENDIDX","M","1963-05",100.9131,
"USA","CCI","AMPLITUD","LTRENDIDX","M","1963-06",101.0541,
"USA","CCI","AMPLITUD","LTRENDIDX","M","1963-07",101.1709,
"USA","CCI","AMPLITUD","LTRENDIDX","M","1963-08",101.1842,
"USA","CCI","AMPLITUD","LTRENDIDX","M","1963-09",101.152,
"USA","CCI","AMPLITUD","LTRENDIDX","M","1963-10",101.1661,
"USA","CCI","AMPLITUD","LTRENDIDX","M","1963-11",101.2938,
"USA","CCI","AMPLITUD","LTRENDIDX","M","1963-12",101.474,
"USA","CCI","AMPLITUD","LTRENDIDX","M","1964-01",101.6194,
"USA","CCI","AMPLITUD","LTRENDIDX","M","1964-02",101.6659,
"USA","CCI","AMPLITUD","LTRENDIDX","M","1964-03",101.658,
"USA","CCI","AMPLITUD","LTRENDIDX","M","1964-04",101.6566,
"USA","CCI","AMPLITUD","LTRENDIDX","M","1964-05",101.7023,
"USA","CCI","AMPLITUD","LTRENDIDX","M","1964-06",101.7711,
"USA","CCI","AMPLITUD","LTRENDIDX","M","1964-07",101.8237,
"USA","CCI","AMPLITUD","LTRENDIDX","M","1964-08",101.8316,
"USA","CCI","AMPLITUD","LTRENDIDX","M","1964-09",101.819,
"USA","CCI","AMPLITUD","LTRENDIDX","M","1964-10",101.8234,
"USA","CCI","AMPLITUD","LTRENDIDX","M","1964-11",101.8765,
"USA","CCI","AMPLITUD","LTRENDIDX","M","1964-12",101.9687,
"USA","CCI","AMPLITUD","LTRENDIDX","M","1965-01",102.0899,
"USA","CCI","AMPLITUD","LTRENDIDX","M","1965-02",102.2329,
"USA","CCI","AMPLITUD","LTRENDIDX","M","1965-03",102.3664,
"USA","CCI","AMPLITUD","LTRENDIDX","M","1965-04",102.4454,
"USA","CCI","AMPLITUD","LTRENDIDX","M","1965-05",102.431,
"USA","CCI","AMPLITUD","LTRENDIDX","M","1965-06",102.3652,
"USA","CCI","AMPLITUD","LTRENDIDX","M","1965-07",102.2947,
"USA","CCI","AMPLITUD","LTRENDIDX","M","1965-08",102.2466,
"USA","CCI","AMPLITUD","LTRENDIDX","M","1965-09",102.2085,
"USA","CCI","AMPLITUD","LTRENDIDX","M","1965-10",102.1543,
"USA","CCI","AMPLITUD","LTRENDIDX","M","1965-11",102.0597,
"USA","CCI","AMPLITUD","LTRENDIDX","M","1965-12",101.9338,
"USA","CCI","AMPLITUD","LTRENDIDX","M","1966-01",101.7827,
"USA","CCI","AMPLITUD","LTRENDIDX","M","1966-02",101.605,
"USA","CCI","AMPLITUD","LTRENDIDX","M","1966-03",101.4118,
"USA","CCI","AMPLITUD","LTRENDIDX","M","1966-04",101.2106,
"USA","CCI","AMPLITUD","LTRENDIDX","M","1966-05",101.0042,
"USA","CCI","AMPLITUD","LTRENDIDX","M","1966-06",100.7984,
"USA","CCI","AMPLITUD","LTRENDIDX","M","1966-07",100.6054,
"USA","CCI","AMPLITUD","LTRENDIDX","M","1966-08",100.4461,
"USA","CCI","AMPLITUD","LTRENDIDX","M","1966-09",100.3406,
"USA","CCI","AMPLITUD","LTRENDIDX","M","1966-10",100.3365,
"USA","CCI","AMPLITUD","LTRENDIDX","M","1966-11",100.4836,
"USA","CCI","AMPLITUD","LTRENDIDX","M","1966-12",100.7073,
"USA","CCI","AMPLITUD","LTRENDIDX","M","1967-01",100.9229,
"USA","CCI","AMPLITUD","LTRENDIDX","M","1967-02",101.0736,
"USA","CCI","AMPLITUD","LTRENDIDX","M","1967-03",101.1768,
"USA","CCI","AMPLITUD","LTRENDIDX","M","1967-04",101.254,
"USA","CCI","AMPLITUD","LTRENDIDX","M","1967-05",101.3096,
"USA","CCI","AMPLITUD","LTRENDIDX","M","1967-06",101.3343,
"USA","CCI","AMPLITUD","LTRENDIDX","M","1967-07",101.2991,
"USA","CCI","AMPLITUD","LTRENDIDX","M","1967-08",101.1805,
"USA","CCI","AMPLITUD","LTRENDIDX","M","1967-09",101.0453,
"USA","CCI","AMPLITUD","LTRENDIDX","M","1967-10",100.9839,
"USA","CCI","AMPLITUD","LTRENDIDX","M","1967-11",101.0612,
"USA","CCI","AMPLITUD","LTRENDIDX","M","1967-12",101.1924,
"USA","CCI","AMPLITUD","LTRENDIDX","M","1968-01",101.26,
"USA","CCI","AMPLITUD","LTRENDIDX","M","1968-02",101.1767,
"USA","CCI","AMPLITUD","LTRENDIDX","M","1968-03",101.0115,
"USA","CCI","AMPLITUD","LTRENDIDX","M","1968-04",100.8567,
"USA","CCI","AMPLITUD","LTRENDIDX","M","1968-05",100.7765,
"USA","CCI","AMPLITUD","LTRENDIDX","M","1968-06",100.745,
"USA","CCI","AMPLITUD","LTRENDIDX","M","1968-07",100.7271,
"USA","CCI","AMPLITUD","LTRENDIDX","M","1968-08",100.7092,
"USA","CCI","AMPLITUD","LTRENDIDX","M","1968-09",100.7174,
"USA","CCI","AMPLITUD","LTRENDIDX","M","1968-10",100.8042,
"USA","CCI","AMPLITUD","LTRENDIDX","M","1968-11",101.008,
"USA","CCI","AMPLITUD","LTRENDIDX","M","1968-12",101.2354,
"USA","CCI","AMPLITUD","LTRENDIDX","M","1969-01",101.3501,
"USA","CCI","AMPLITUD","LTRENDIDX","M","1969-02",101.239,
"USA","CCI","AMPLITUD","LTRENDIDX","M","1969-03",100.9905,
"USA","CCI","AMPLITUD","LTRENDIDX","M","1969-04",100.7034,
"USA","CCI","AMPLITUD","LTRENDIDX","M","1969-05",100.4334,
"USA","CCI","AMPLITUD","LTRENDIDX","M","1969-06",100.1781,
"USA","CCI","AMPLITUD","LTRENDIDX","M","1969-07",99.91624,
"USA","CCI","AMPLITUD","LTRENDIDX","M","1969-08",99.63386,
"USA","CCI","AMPLITUD","LTRENDIDX","M","1969-09",99.35544,
"USA","CCI","AMPLITUD","LTRENDIDX","M","1969-10",99.1244,
"USA","CCI","AMPLITUD","LTRENDIDX","M","1969-11",98.97917,
"USA","CCI","AMPLITUD","LTRENDIDX","M","1969-12",98.88208,
"USA","CCI","AMPLITUD","LTRENDIDX","M","1970-01",98.79235,
"USA","CCI","AMPLITUD","LTRENDIDX","M","1970-02",98.69109,
"USA","CCI","AMPLITUD","LTRENDIDX","M","1970-03",98.59878,
"USA","CCI","AMPLITUD","LTRENDIDX","M","1970-04",98.55481,
"USA","CCI","AMPLITUD","LTRENDIDX","M","1970-05",98.58794,
"USA","CCI","AMPLITUD","LTRENDIDX","M","1970-06",98.63855,
"USA","CCI","AMPLITUD","LTRENDIDX","M","1970-07",98.62465,
"USA","CCI","AMPLITUD","LTRENDIDX","M","1970-08",98.49059,
"USA","CCI","AMPLITUD","LTRENDIDX","M","1970-09",98.32018,
"USA","CCI","AMPLITUD","LTRENDIDX","M","1970-10",98.23615,
"USA","CCI","AMPLITUD","LTRENDIDX","M","1970-11",98.33608,
"USA","CCI","AMPLITUD","LTRENDIDX","M","1970-12",98.54178,
"USA","CCI","AMPLITUD","LTRENDIDX","M","1971-01",98.75653,
"USA","CCI","AMPLITUD","LTRENDIDX","M","1971-02",98.9165,
"USA","CCI","AMPLITUD","LTRENDIDX","M","1971-03",99.03307,
"USA","CCI","AMPLITUD","LTRENDIDX","M","1971-04",99.12757,
"USA","CCI","AMPLITUD","LTRENDIDX","M","1971-05",99.20952,
"USA","CCI","AMPLITUD","LTRENDIDX","M","1971-06",99.27675,
"USA","CCI","AMPLITUD","LTRENDIDX","M","1971-07",99.31922,
"USA","CCI","AMPLITUD","LTRENDIDX","M","1971-08",99.33749,
"USA","CCI","AMPLITUD","LTRENDIDX","M","1971-09",99.38589,
"USA","CCI","AMPLITUD","LTRENDIDX","M","1971-10",99.54985,
"USA","CCI","AMPLITUD","LTRENDIDX","M","1971-11",99.89288,
"USA","CCI","AMPLITUD","LTRENDIDX","M","1971-12",100.2881,
"USA","CCI","AMPLITUD","LTRENDIDX","M","1972-01",100.5626,
"USA","CCI","AMPLITUD","LTRENDIDX","M","1972-02",100.5889,
"USA","CCI","AMPLITUD","LTRENDIDX","M","1972-03",100.4981,
"USA","CCI","AMPLITUD","LTRENDIDX","M","1972-04",100.4637,
"USA","CCI","AMPLITUD","LTRENDIDX","M","1972-05",100.6033,
"USA","CCI","AMPLITUD","LTRENDIDX","M","1972-06",100.8235,
"USA","CCI","AMPLITUD","LTRENDIDX","M","1972-07",100.9778,
"USA","CCI","AMPLITUD","LTRENDIDX","M","1972-08",100.9443,
"USA","CCI","AMPLITUD","LTRENDIDX","M","1972-09",100.7688,
"USA","CCI","AMPLITUD","LTRENDIDX","M","1972-10",100.496,
"USA","CCI","AMPLITUD","LTRENDIDX","M","1972-11",100.1412,
"USA","CCI","AMPLITUD","LTRENDIDX","M","1972-12",99.76077,
"USA","CCI","AMPLITUD","LTRENDIDX","M","1973-01",99.40957,
"USA","CCI","AMPLITUD","LTRENDIDX","M","1973-02",99.12469,
"USA","CCI","AMPLITUD","LTRENDIDX","M","1973-03",98.87959,
"USA","CCI","AMPLITUD","LTRENDIDX","M","1973-04",98.64801,
"USA","CCI","AMPLITUD","LTRENDIDX","M","1973-05",98.42805,
"USA","CCI","AMPLITUD","LTRENDIDX","M","1973-06",98.25266,
"USA","CCI","AMPLITUD","LTRENDIDX","M","1973-07",98.18414,
"USA","CCI","AMPLITUD","LTRENDIDX","M","1973-08",98.26396,
"USA","CCI","AMPLITUD","LTRENDIDX","M","1973-09",98.35577,
"USA","CCI","AMPLITUD","LTRENDIDX","M","1973-10",98.26853,
"USA","CCI","AMPLITUD","LTRENDIDX","M","1973-11",97.86769,
"USA","CCI","AMPLITUD","LTRENDIDX","M","1973-12",97.3654,
"USA","CCI","AMPLITUD","LTRENDIDX","M","1974-01",97.05832,
"USA","CCI","AMPLITUD","LTRENDIDX","M","1974-02",97.16676,
"USA","CCI","AMPLITUD","LTRENDIDX","M","1974-03",97.47879,
"USA","CCI","AMPLITUD","LTRENDIDX","M","1974-04",97.70631,
"USA","CCI","AMPLITUD","LTRENDIDX","M","1974-05",97.63768,
"USA","CCI","AMPLITUD","LTRENDIDX","M","1974-06",97.37479,
"USA","CCI","AMPLITUD","LTRENDIDX","M","1974-07",97.05435,
"USA","CCI","AMPLITUD","LTRENDIDX","M","1974-08",96.76349,
"USA","CCI","AMPLITUD","LTRENDIDX","M","1974-09",96.51283,
"USA","CCI","AMPLITUD","LTRENDIDX","M","1974-10",96.30635,
"USA","CCI","AMPLITUD","LTRENDIDX","M","1974-11",96.17104,
"USA","CCI","AMPLITUD","LTRENDIDX","M","1974-12",96.14232,
"USA","CCI","AMPLITUD","LTRENDIDX","M","1975-01",96.31361,
"USA","CCI","AMPLITUD","LTRENDIDX","M","1975-02",96.77947,
"USA","CCI","AMPLITUD","LTRENDIDX","M","1975-03",97.37848,
"USA","CCI","AMPLITUD","LTRENDIDX","M","1975-04",97.91306,
"USA","CCI","AMPLITUD","LTRENDIDX","M","1975-05",98.23612,
"USA","CCI","AMPLITUD","LTRENDIDX","M","1975-06",98.40203,
"USA","CCI","AMPLITUD","LTRENDIDX","M","1975-07",98.47441,
"USA","CCI","AMPLITUD","LTRENDIDX","M","1975-08",98.49103,
"USA","CCI","AMPLITUD","LTRENDIDX","M","1975-09",98.52222,
"USA","CCI","AMPLITUD","LTRENDIDX","M","1975-10",98.64979,
"USA","CCI","AMPLITUD","LTRENDIDX","M","1975-11",98.93127,
"USA","CCI","AMPLITUD","LTRENDIDX","M","1975-12",99.26788,
"USA","CCI","AMPLITUD","LTRENDIDX","M","1976-01",99.52894,
"USA","CCI","AMPLITUD","LTRENDIDX","M","1976-02",99.62129,
"USA","CCI","AMPLITUD","LTRENDIDX","M","1976-03",99.6342,
"USA","CCI","AMPLITUD","LTRENDIDX","M","1976-04",99.68831,
"USA","CCI","AMPLITUD","LTRENDIDX","M","1976-05",99.86413,
"USA","CCI","AMPLITUD","LTRENDIDX","M","1976-06",100.0893,
"USA","CCI","AMPLITUD","LTRENDIDX","M","1976-07",100.2514,
"USA","CCI","AMPLITUD","LTRENDIDX","M","1976-08",100.2616,
"USA","CCI","AMPLITUD","LTRENDIDX","M","1976-09",100.181,
"USA","CCI","AMPLITUD","LTRENDIDX","M","1976-10",100.089,
"USA","CCI","AMPLITUD","LTRENDIDX","M","1976-11",100.0417,
"USA","CCI","AMPLITUD","LTRENDIDX","M","1976-12",100.0425,
"USA","CCI","AMPLITUD","LTRENDIDX","M","1977-01",100.0937,
"USA","CCI","AMPLITUD","LTRENDIDX","M","1977-02",100.2002,
"USA","CCI","AMPLITUD","LTRENDIDX","M","1977-03",100.3228,
"USA","CCI","AMPLITUD","LTRENDIDX","M","1977-04",100.4116,
"USA","CCI","AMPLITUD","LTRENDIDX","M","1977-05",100.4231,
"USA","CCI","AMPLITUD","LTRENDIDX","M","1977-06",100.3715,
"USA","CCI","AMPLITUD","LTRENDIDX","M","1977-07",100.2629,
"USA","CCI","AMPLITUD","LTRENDIDX","M","1977-08",100.0928,
"USA","CCI","AMPLITUD","LTRENDIDX","M","1977-09",99.90043,
"USA","CCI","AMPLITUD","LTRENDIDX","M","1977-10",99.73158,
"USA","CCI","AMPLITUD","LTRENDIDX","M","1977-11",99.62334,
"USA","CCI","AMPLITUD","LTRENDIDX","M","1977-12",99.5655,
"USA","CCI","AMPLITUD","LTRENDIDX","M","1978-01",99.52759,
"USA","CCI","AMPLITUD","LTRENDIDX","M","1978-02",99.43553,
"USA","CCI","AMPLITUD","LTRENDIDX","M","1978-03",99.27724,
"USA","CCI","AMPLITUD","LTRENDIDX","M","1978-04",99.27579,
"USA","CCI","AMPLITUD","LTRENDIDX","M","1978-05",99.30355,
"USA","CCI","AMPLITUD","LTRENDIDX","M","1978-06",99.26246,
"USA","CCI","AMPLITUD","LTRENDIDX","M","1978-07",99.23218,
"USA","CCI","AMPLITUD","LTRENDIDX","M","1978-08",99.1188,
"USA","CCI","AMPLITUD","LTRENDIDX","M","1978-09",99.00987,
"USA","CCI","AMPLITUD","LTRENDIDX","M","1978-10",98.74647,
"USA","CCI","AMPLITUD","LTRENDIDX","M","1978-11",98.30279,
"USA","CCI","AMPLITUD","LTRENDIDX","M","1978-12",97.90073,
"USA","CCI","AMPLITUD","LTRENDIDX","M","1979-01",97.87165,
"USA","CCI","AMPLITUD","LTRENDIDX","M","1979-02",97.85407,
"USA","CCI","AMPLITUD","LTRENDIDX","M","1979-03",97.6347,
"USA","CCI","AMPLITUD","LTRENDIDX","M","1979-04",97.40956,
"USA","CCI","AMPLITUD","LTRENDIDX","M","1979-05",97.25918,
"USA","CCI","AMPLITUD","LTRENDIDX","M","1979-06",97.04885,
"USA","CCI","AMPLITUD","LTRENDIDX","M","1979-07",96.86325,
"USA","CCI","AMPLITUD","LTRENDIDX","M","1979-08",96.90552,
"USA","CCI","AMPLITUD","LTRENDIDX","M","1979-09",96.95212,
"USA","CCI","AMPLITUD","LTRENDIDX","M","1979-10",96.86539,
"USA","CCI","AMPLITUD","LTRENDIDX","M","1979-11",96.84468,
"USA","CCI","AMPLITUD","LTRENDIDX","M","1979-12",96.89053,
"USA","CCI","AMPLITUD","LTRENDIDX","M","1980-01",96.98781,
"USA","CCI","AMPLITUD","LTRENDIDX","M","1980-02",96.74867,
"USA","CCI","AMPLITUD","LTRENDIDX","M","1980-03",96.12714,
"USA","CCI","AMPLITUD","LTRENDIDX","M","1980-04",95.64471,
"USA","CCI","AMPLITUD","LTRENDIDX","M","1980-05",95.6046,
"USA","CCI","AMPLITUD","LTRENDIDX","M","1980-06",96.05988,
"USA","CCI","AMPLITUD","LTRENDIDX","M","1980-07",96.71835,
"USA","CCI","AMPLITUD","LTRENDIDX","M","1980-08",97.43443,
"USA","CCI","AMPLITUD","LTRENDIDX","M","1980-09",98.03791,
"USA","CCI","AMPLITUD","LTRENDIDX","M","1980-10",98.29442,
"USA","CCI","AMPLITUD","LTRENDIDX","M","1980-11",98.16802,
"USA","CCI","AMPLITUD","LTRENDIDX","M","1980-12",97.74063,
"USA","CCI","AMPLITUD","LTRENDIDX","M","1981-01",97.56843,
"USA","CCI","AMPLITUD","LTRENDIDX","M","1981-02",97.45837,
"USA","CCI","AMPLITUD","LTRENDIDX","M","1981-03",97.57408,
"USA","CCI","AMPLITUD","LTRENDIDX","M","1981-04",97.937,
"USA","CCI","AMPLITUD","LTRENDIDX","M","1981-05",98.2565,
"USA","CCI","AMPLITUD","LTRENDIDX","M","1981-06",98.36543,
"USA","CCI","AMPLITUD","LTRENDIDX","M","1981-07",98.42827,
"USA","CCI","AMPLITUD","LTRENDIDX","M","1981-08",98.39925,
"USA","CCI","AMPLITUD","LTRENDIDX","M","1981-09",98.0948,
"USA","CCI","AMPLITUD","LTRENDIDX","M","1981-10",97.64207,
"USA","CCI","AMPLITUD","LTRENDIDX","M","1981-11",97.22859,
"USA","CCI","AMPLITUD","LTRENDIDX","M","1981-12",97.17603,
"USA","CCI","AMPLITUD","LTRENDIDX","M","1982-01",97.29823,
"USA","CCI","AMPLITUD","LTRENDIDX","M","1982-02",97.19734,
"USA","CCI","AMPLITUD","LTRENDIDX","M","1982-03",97.04829,
"USA","CCI","AMPLITUD","LTRENDIDX","M","1982-04",97.09064,
"USA","CCI","AMPLITUD","LTRENDIDX","M","1982-05",97.16885,
"USA","CCI","AMPLITUD","LTRENDIDX","M","1982-06",97.16335,
"USA","CCI","AMPLITUD","LTRENDIDX","M","1982-07",97.18316,
"USA","CCI","AMPLITUD","LTRENDIDX","M","1982-08",97.32768,
"USA","CCI","AMPLITUD","LTRENDIDX","M","1982-09",97.62637,
"USA","CCI","AMPLITUD","LTRENDIDX","M","1982-10",97.89418,
"USA","CCI","AMPLITUD","LTRENDIDX","M","1982-11",97.96061,
"USA","CCI","AMPLITUD","LTRENDIDX","M","1982-12",97.95675,
"USA","CCI","AMPLITUD","LTRENDIDX","M","1983-01",98.07291,
"USA","CCI","AMPLITUD","LTRENDIDX","M","1983-02",98.5354,
"USA","CCI","AMPLITUD","LTRENDIDX","M","1983-03",99.28745,
"USA","CCI","AMPLITUD","LTRENDIDX","M","1983-04",100.095,
"USA","CCI","AMPLITUD","LTRENDIDX","M","1983-05",100.6336,
"USA","CCI","AMPLITUD","LTRENDIDX","M","1983-06",100.8043,
"USA","CCI","AMPLITUD","LTRENDIDX","M","1983-07",100.7629,
"USA","CCI","AMPLITUD","LTRENDIDX","M","1983-08",100.6008,
"USA","CCI","AMPLITUD","LTRENDIDX","M","1983-09",100.4674,
"USA","CCI","AMPLITUD","LTRENDIDX","M","1983-10",100.4751,
"USA","CCI","AMPLITUD","LTRENDIDX","M","1983-11",100.6976,
"USA","CCI","AMPLITUD","LTRENDIDX","M","1983-12",101.0807,
"USA","CCI","AMPLITUD","LTRENDIDX","M","1984-01",101.4634,
"USA","CCI","AMPLITUD","LTRENDIDX","M","1984-02",101.6147,
"USA","CCI","AMPLITUD","LTRENDIDX","M","1984-03",101.6488,
"USA","CCI","AMPLITUD","LTRENDIDX","M","1984-04",101.5086,
"USA","CCI","AMPLITUD","LTRENDIDX","M","1984-05",101.4187,
"USA","CCI","AMPLITUD","LTRENDIDX","M","1984-06",101.363,
"USA","CCI","AMPLITUD","LTRENDIDX","M","1984-07",101.4445,
"USA","CCI","AMPLITUD","LTRENDIDX","M","1984-08",101.5897,
"USA","CCI","AMPLITUD","LTRENDIDX","M","1984-09",101.6156,
"USA","CCI","AMPLITUD","LTRENDIDX","M","1984-10",101.4233,
"USA","CCI","AMPLITUD","LTRENDIDX","M","1984-11",101.215,
"USA","CCI","AMPLITUD","LTRENDIDX","M","1984-12",101.0644,
"USA","CCI","AMPLITUD","LTRENDIDX","M","1985-01",101.0434,
"USA","CCI","AMPLITUD","LTRENDIDX","M","1985-02",100.9943,
"USA","CCI","AMPLITUD","LTRENDIDX","M","1985-03",100.9697,
"USA","CCI","AMPLITUD","LTRENDIDX","M","1985-04",100.9709,
"USA","CCI","AMPLITUD","LTRENDIDX","M","1985-05",100.9721,
"USA","CCI","AMPLITUD","LTRENDIDX","M","1985-06",101.0411,
"USA","CCI","AMPLITUD","LTRENDIDX","M","1985-07",100.9595,
"USA","CCI","AMPLITUD","LTRENDIDX","M","1985-08",100.7893,
"USA","CCI","AMPLITUD","LTRENDIDX","M","1985-09",100.6163,
"USA","CCI","AMPLITUD","LTRENDIDX","M","1985-10",100.504,
"USA","CCI","AMPLITUD","LTRENDIDX","M","1985-11",100.6256,
"USA","CCI","AMPLITUD","LTRENDIDX","M","1985-12",100.8759,
"USA","CCI","AMPLITUD","LTRENDIDX","M","1986-01",101.0882,
"USA","CCI","AMPLITUD","LTRENDIDX","M","1986-02",101.1893,
"USA","CCI","AMPLITUD","LTRENDIDX","M","1986-03",101.218,
"USA","CCI","AMPLITUD","LTRENDIDX","M","1986-04",101.2642,
"USA","CCI","AMPLITUD","LTRENDIDX","M","1986-05",101.332,
"USA","CCI","AMPLITUD","LTRENDIDX","M","1986-06",101.4422,
"USA","CCI","AMPLITUD","LTRENDIDX","M","1986-07",101.3755,
"USA","CCI","AMPLITUD","LTRENDIDX","M","1986-08",101.1706,
"USA","CCI","AMPLITUD","LTRENDIDX","M","1986-09",100.9749,
"USA","CCI","AMPLITUD","LTRENDIDX","M","1986-10",100.8704,
"USA","CCI","AMPLITUD","LTRENDIDX","M","1986-11",100.6635,
"USA","CCI","AMPLITUD","LTRENDIDX","M","1986-12",100.4898,
"USA","CCI","AMPLITUD","LTRENDIDX","M","1987-01",100.453,
"USA","CCI","AMPLITUD","LTRENDIDX","M","1987-02",100.4875,
"USA","CCI","AMPLITUD","LTRENDIDX","M","1987-03",100.5706,
"USA","CCI","AMPLITUD","LTRENDIDX","M","1987-04",100.6616,
"USA","CCI","AMPLITUD","LTRENDIDX","M","1987-05",100.6992,
"USA","CCI","AMPLITUD","LTRENDIDX","M","1987-06",100.7815,
"USA","CCI","AMPLITUD","LTRENDIDX","M","1987-07",100.8987,
"USA","CCI","AMPLITUD","LTRENDIDX","M","1987-08",100.904,
"USA","CCI","AMPLITUD","LTRENDIDX","M","1987-09",100.6952,
"USA","CCI","AMPLITUD","LTRENDIDX","M","1987-10",100.3032,
"USA","CCI","AMPLITUD","LTRENDIDX","M","1987-11",99.99321,
"USA","CCI","AMPLITUD","LTRENDIDX","M","1987-12",100.0745,
"USA","CCI","AMPLITUD","LTRENDIDX","M","1988-01",100.3716,
"USA","CCI","AMPLITUD","LTRENDIDX","M","1988-02",100.6434,
"USA","CCI","AMPLITUD","LTRENDIDX","M","1988-03",100.8276,
"USA","CCI","AMPLITUD","LTRENDIDX","M","1988-04",100.877,
"USA","CCI","AMPLITUD","LTRENDIDX","M","1988-05",100.9817,
"USA","CCI","AMPLITUD","LTRENDIDX","M","1988-06",101.0587,
"USA","CCI","AMPLITUD","LTRENDIDX","M","1988-07",101.1355,
"USA","CCI","AMPLITUD","LTRENDIDX","M","1988-08",101.2587,
"USA","CCI","AMPLITUD","LTRENDIDX","M","1988-09",101.2414,
"USA","CCI","AMPLITUD","LTRENDIDX","M","1988-10",101.0816,
"USA","CCI","AMPLITUD","LTRENDIDX","M","1988-11",100.9659,
"USA","CCI","AMPLITUD","LTRENDIDX","M","1988-12",100.9962,
"USA","CCI","AMPLITUD","LTRENDIDX","M","1989-01",101.1564,
"USA","CCI","AMPLITUD","LTRENDIDX","M","1989-02",101.1334,
"USA","CCI","AMPLITUD","LTRENDIDX","M","1989-03",100.9689,
"USA","CCI","AMPLITUD","LTRENDIDX","M","1989-04",100.7439,
"USA","CCI","AMPLITUD","LTRENDIDX","M","1989-05",100.5945,
"USA","CCI","AMPLITUD","LTRENDIDX","M","1989-06",100.5579,
"USA","CCI","AMPLITUD","LTRENDIDX","M","1989-07",100.6137,
"USA","CCI","AMPLITUD","LTRENDIDX","M","1989-08",100.7067,
"USA","CCI","AMPLITUD","LTRENDIDX","M","1989-09",100.8808,
"USA","CCI","AMPLITUD","LTRENDIDX","M","1989-10",100.8612,
"USA","CCI","AMPLITUD","LTRENDIDX","M","1989-11",100.719,
"USA","CCI","AMPLITUD","LTRENDIDX","M","1989-12",100.634,
"USA","CCI","AMPLITUD","LTRENDIDX","M","1990-01",100.631,
"USA","CCI","AMPLITUD","LTRENDIDX","M","1990-02",100.6104,
"USA","CCI","AMPLITUD","LTRENDIDX","M","1990-03",100.6894,
"USA","CCI","AMPLITUD","LTRENDIDX","M","1990-04",100.7495,
"USA","CCI","AMPLITUD","LTRENDIDX","M","1990-05",100.6007,
"USA","CCI","AMPLITUD","LTRENDIDX","M","1990-06",100.2736,
"USA","CCI","AMPLITUD","LTRENDIDX","M","1990-07",99.72102,
"USA","CCI","AMPLITUD","LTRENDIDX","M","1990-08",98.83444,
"USA","CCI","AMPLITUD","LTRENDIDX","M","1990-09",97.9827,
"USA","CCI","AMPLITUD","LTRENDIDX","M","1990-10",97.30197,
"USA","CCI","AMPLITUD","LTRENDIDX","M","1990-11",97.06023,
"USA","CCI","AMPLITUD","LTRENDIDX","M","1990-12",97.13372,
"USA","CCI","AMPLITUD","LTRENDIDX","M","1991-01",97.53282,
"USA","CCI","AMPLITUD","LTRENDIDX","M","1991-02",98.26092,
"USA","CCI","AMPLITUD","LTRENDIDX","M","1991-03",99.09119,
"USA","CCI","AMPLITUD","LTRENDIDX","M","1991-04",99.3257,
"USA","CCI","AMPLITUD","LTRENDIDX","M","1991-05",99.30616,
"USA","CCI","AMPLITUD","LTRENDIDX","M","1991-06",99.38103,
"USA","CCI","AMPLITUD","LTRENDIDX","M","1991-07",99.45143,
"USA","CCI","AMPLITUD","LTRENDIDX","M","1991-08",99.41047,
"USA","CCI","AMPLITUD","LTRENDIDX","M","1991-09",99.18115,
"USA","CCI","AMPLITUD","LTRENDIDX","M","1991-10",98.6355,
"USA","CCI","AMPLITUD","LTRENDIDX","M","1991-11",97.9592,
"USA","CCI","AMPLITUD","LTRENDIDX","M","1991-12",97.56129,
"USA","CCI","AMPLITUD","LTRENDIDX","M","1992-01",97.50545,
"USA","CCI","AMPLITUD","LTRENDIDX","M","1992-02",97.78617,
"USA","CCI","AMPLITUD","LTRENDIDX","M","1992-03",98.28985,
"USA","CCI","AMPLITUD","LTRENDIDX","M","1992-04",98.68997,
"USA","CCI","AMPLITUD","LTRENDIDX","M","1992-05",98.91777,
"USA","CCI","AMPLITUD","LTRENDIDX","M","1992-06",98.92448,
"USA","CCI","AMPLITUD","LTRENDIDX","M","1992-07",98.72417,
"USA","CCI","AMPLITUD","LTRENDIDX","M","1992-08",98.54943,
"USA","CCI","AMPLITUD","LTRENDIDX","M","1992-09",98.53741,
"USA","CCI","AMPLITUD","LTRENDIDX","M","1992-10",98.83699,
"USA","CCI","AMPLITUD","LTRENDIDX","M","1992-11",99.55307,
"USA","CCI","AMPLITUD","LTRENDIDX","M","1992-12",100.1358,
"USA","CCI","AMPLITUD","LTRENDIDX","M","1993-01",100.2882,
"USA","CCI","AMPLITUD","LTRENDIDX","M","1993-02",100.1552,
"USA","CCI","AMPLITUD","LTRENDIDX","M","1993-03",99.94054,
"USA","CCI","AMPLITUD","LTRENDIDX","M","1993-04",99.67482,
"USA","CCI","AMPLITUD","LTRENDIDX","M","1993-05",99.3354,
"USA","CCI","AMPLITUD","LTRENDIDX","M","1993-06",99.07143,
"USA","CCI","AMPLITUD","LTRENDIDX","M","1993-07",98.82619,
"USA","CCI","AMPLITUD","LTRENDIDX","M","1993-08",98.76332,
"USA","CCI","AMPLITUD","LTRENDIDX","M","1993-09",98.90318,
"USA","CCI","AMPLITUD","LTRENDIDX","M","1993-10",99.22633,
"USA","CCI","AMPLITUD","LTRENDIDX","M","1993-11",99.61481,
"USA","CCI","AMPLITUD","LTRENDIDX","M","1993-12",100.1786,
"USA","CCI","AMPLITUD","LTRENDIDX","M","1994-01",100.664,
"USA","CCI","AMPLITUD","LTRENDIDX","M","1994-02",100.8374,
"USA","CCI","AMPLITUD","LTRENDIDX","M","1994-03",100.825,
"USA","CCI","AMPLITUD","LTRENDIDX","M","1994-04",100.7907,
"USA","CCI","AMPLITUD","LTRENDIDX","M","1994-05",100.7187,
"USA","CCI","AMPLITUD","LTRENDIDX","M","1994-06",100.5962,
"USA","CCI","AMPLITUD","LTRENDIDX","M","1994-07",100.5126,
"USA","CCI","AMPLITUD","LTRENDIDX","M","1994-08",100.5656,
"USA","CCI","AMPLITUD","LTRENDIDX","M","1994-09",100.6471,
"USA","CCI","AMPLITUD","LTRENDIDX","M","1994-10",100.7555,
"USA","CCI","AMPLITUD","LTRENDIDX","M","1994-11",100.8873,
"USA","CCI","AMPLITUD","LTRENDIDX","M","1994-12",101.0908,
"USA","CCI","AMPLITUD","LTRENDIDX","M","1995-01",101.1854,
"USA","CCI","AMPLITUD","LTRENDIDX","M","1995-02",101.0322,
"USA","CCI","AMPLITUD","LTRENDIDX","M","1995-03",100.7773,
"USA","CCI","AMPLITUD","LTRENDIDX","M","1995-04",100.6668,
"USA","CCI","AMPLITUD","LTRENDIDX","M","1995-05",100.6522,
"USA","CCI","AMPLITUD","LTRENDIDX","M","1995-06",100.7986,
"USA","CCI","AMPLITUD","LTRENDIDX","M","1995-07",100.9339,
"USA","CCI","AMPLITUD","LTRENDIDX","M","1995-08",100.8947,
"USA","CCI","AMPLITUD","LTRENDIDX","M","1995-09",100.6216,
"USA","CCI","AMPLITUD","LTRENDIDX","M","1995-10",100.441,
"USA","CCI","AMPLITUD","LTRENDIDX","M","1995-11",100.3513,
"USA","CCI","AMPLITUD","LTRENDIDX","M","1995-12",100.379,
"USA","CCI","AMPLITUD","LTRENDIDX","M","1996-01",100.3977,
"USA","CCI","AMPLITUD","LTRENDIDX","M","1996-02",100.4797,
"USA","CCI","AMPLITUD","LTRENDIDX","M","1996-03",100.6467,
"USA","CCI","AMPLITUD","LTRENDIDX","M","1996-04",100.6796,
"USA","CCI","AMPLITUD","LTRENDIDX","M","1996-05",100.6558,
"USA","CCI","AMPLITUD","LTRENDIDX","M","1996-06",100.7803,
"USA","CCI","AMPLITUD","LTRENDIDX","M","1996-07",100.9632,
"USA","CCI","AMPLITUD","LTRENDIDX","M","1996-08",101.1009,
"USA","CCI","AMPLITUD","LTRENDIDX","M","1996-09",101.205,
"USA","CCI","AMPLITUD","LTRENDIDX","M","1996-10",101.3451,
"USA","CCI","AMPLITUD","LTRENDIDX","M","1996-11",101.4642,
"USA","CCI","AMPLITUD","LTRENDIDX","M","1996-12",101.4817,
"USA","CCI","AMPLITUD","LTRENDIDX","M","1997-01",101.5398,
"USA","CCI","AMPLITUD","LTRENDIDX","M","1997-02",101.675,
"USA","CCI","AMPLITUD","LTRENDIDX","M","1997-03",101.8272,
"USA","CCI","AMPLITUD","LTRENDIDX","M","1997-04",102.016,
"USA","CCI","AMPLITUD","LTRENDIDX","M","1997-05",102.2294,
"USA","CCI","AMPLITUD","LTRENDIDX","M","1997-06",102.4238,
"USA","CCI","AMPLITUD","LTRENDIDX","M","1997-07",102.5546,
"USA","CCI","AMPLITUD","LTRENDIDX","M","1997-08",102.5577,
"USA","CCI","AMPLITUD","LTRENDIDX","M","1997-09",102.5702,
"USA","CCI","AMPLITUD","LTRENDIDX","M","1997-10",102.5623,
"USA","CCI","AMPLITUD","LTRENDIDX","M","1997-11",102.5412,
"USA","CCI","AMPLITUD","LTRENDIDX","M","1997-12",102.5049,
"USA","CCI","AMPLITUD","LTRENDIDX","M","1998-01",102.6799,
"USA","CCI","AMPLITUD","LTRENDIDX","M","1998-02",102.8669,
"USA","CCI","AMPLITUD","LTRENDIDX","M","1998-03",102.8756,
"USA","CCI","AMPLITUD","LTRENDIDX","M","1998-04",102.851,
"USA","CCI","AMPLITUD","LTRENDIDX","M","1998-05",102.7375,
"USA","CCI","AMPLITUD","LTRENDIDX","M","1998-06",102.6011,
"USA","CCI","AMPLITUD","LTRENDIDX","M","1998-07",102.4451,
"USA","CCI","AMPLITUD","LTRENDIDX","M","1998-08",102.2247,
"USA","CCI","AMPLITUD","LTRENDIDX","M","1998-09",101.949,
"USA","CCI","AMPLITUD","LTRENDIDX","M","1998-10",101.793,
"USA","CCI","AMPLITUD","LTRENDIDX","M","1998-11",101.9001,
"USA","CCI","AMPLITUD","LTRENDIDX","M","1998-12",102.0639,
"USA","CCI","AMPLITUD","LTRENDIDX","M","1999-01",102.3384,
"USA","CCI","AMPLITUD","LTRENDIDX","M","1999-02",102.577,
"USA","CCI","AMPLITUD","LTRENDIDX","M","1999-03",102.6174,
"USA","CCI","AMPLITUD","LTRENDIDX","M","1999-04",102.6119,
"USA","CCI","AMPLITUD","LTRENDIDX","M","1999-05",102.6618,
"USA","CCI","AMPLITUD","LTRENDIDX","M","1999-06",102.6746,
"USA","CCI","AMPLITUD","LTRENDIDX","M","1999-07",102.611,
"USA","CCI","AMPLITUD","LTRENDIDX","M","1999-08",102.5404,
"USA","CCI","AMPLITUD","LTRENDIDX","M","1999-09",102.5286,
"USA","CCI","AMPLITUD","LTRENDIDX","M","1999-10",102.505,
"USA","CCI","AMPLITUD","LTRENDIDX","M","1999-11",102.6401,
"USA","CCI","AMPLITUD","LTRENDIDX","M","1999-12",102.8276,
"USA","CCI","AMPLITUD","LTRENDIDX","M","2000-01",103.0906,
"USA","CCI","AMPLITUD","LTRENDIDX","M","2000-02",103.1509,
"USA","CCI","AMPLITUD","LTRENDIDX","M","2000-03",103.0586,
"USA","CCI","AMPLITUD","LTRENDIDX","M","2000-04",103.0375,
"USA","CCI","AMPLITUD","LTRENDIDX","M","2000-05",103.0086,
"USA","CCI","AMPLITUD","LTRENDIDX","M","2000-06",102.8959,
"USA","CCI","AMPLITUD","LTRENDIDX","M","2000-07",102.8578,
"USA","CCI","AMPLITUD","LTRENDIDX","M","2000-08",102.818,
"USA","CCI","AMPLITUD","LTRENDIDX","M","2000-09",102.7612,
"USA","CCI","AMPLITUD","LTRENDIDX","M","2000-10",102.6369,
"USA","CCI","AMPLITUD","LTRENDIDX","M","2000-11",102.3491,
"USA","CCI","AMPLITUD","LTRENDIDX","M","2000-12",101.7449,
"USA","CCI","AMPLITUD","LTRENDIDX","M","2001-01",101.1462,
"USA","CCI","AMPLITUD","LTRENDIDX","M","2001-02",100.7086,
"USA","CCI","AMPLITUD","LTRENDIDX","M","2001-03",100.5198,
"USA","CCI","AMPLITUD","LTRENDIDX","M","2001-04",100.4819,
"USA","CCI","AMPLITUD","LTRENDIDX","M","2001-05",100.6226,
"USA","CCI","AMPLITUD","LTRENDIDX","M","2001-06",100.713,
"USA","CCI","AMPLITUD","LTRENDIDX","M","2001-07",100.6146,
"USA","CCI","AMPLITUD","LTRENDIDX","M","2001-08",100.2694,
"USA","CCI","AMPLITUD","LTRENDIDX","M","2001-09",99.77217,
"USA","CCI","AMPLITUD","LTRENDIDX","M","2001-10",99.59289,
"USA","CCI","AMPLITUD","LTRENDIDX","M","2001-11",99.76199,
"USA","CCI","AMPLITUD","LTRENDIDX","M","2001-12",100.1712,
"USA","CCI","AMPLITUD","LTRENDIDX","M","2002-01",100.5669,
"USA","CCI","AMPLITUD","LTRENDIDX","M","2002-02",100.804,
"USA","CCI","AMPLITUD","LTRENDIDX","M","2002-03",101.0184,
"USA","CCI","AMPLITUD","LTRENDIDX","M","2002-04",101.0788,
"USA","CCI","AMPLITUD","LTRENDIDX","M","2002-05",101.0489,
"USA","CCI","AMPLITUD","LTRENDIDX","M","2002-06",100.7619,
"USA","CCI","AMPLITUD","LTRENDIDX","M","2002-07",100.3777,
"USA","CCI","AMPLITUD","LTRENDIDX","M","2002-08",100.0611,
"USA","CCI","AMPLITUD","LTRENDIDX","M","2002-09",99.7841,
"USA","CCI","AMPLITUD","LTRENDIDX","M","2002-10",99.57499,
"USA","CCI","AMPLITUD","LTRENDIDX","M","2002-11",99.59222,
"USA","CCI","AMPLITUD","LTRENDIDX","M","2002-12",99.58932,
"USA","CCI","AMPLITUD","LTRENDIDX","M","2003-01",99.3848,
"USA","CCI","AMPLITUD","LTRENDIDX","M","2003-02",99.20342,
"USA","CCI","AMPLITUD","LTRENDIDX","M","2003-03",99.29871,
"USA","CCI","AMPLITUD","LTRENDIDX","M","2003-04",99.79613,
"USA","CCI","AMPLITUD","LTRENDIDX","M","2003-05",100.2866,
"USA","CCI","AMPLITUD","LTRENDIDX","M","2003-06",100.4655,
"USA","CCI","AMPLITUD","LTRENDIDX","M","2003-07",100.4681,
"USA","CCI","AMPLITUD","LTRENDIDX","M","2003-08",100.3656,
"USA","CCI","AMPLITUD","LTRENDIDX","M","2003-09",100.325,
"USA","CCI","AMPLITUD","LTRENDIDX","M","2003-10",100.495,
"USA","CCI","AMPLITUD","LTRENDIDX","M","2003-11",100.83,
"USA","CCI","AMPLITUD","LTRENDIDX","M","2003-12",101.1775,
"USA","CCI","AMPLITUD","LTRENDIDX","M","2004-01",101.4978,
"USA","CCI","AMPLITUD","LTRENDIDX","M","2004-02",101.3675,
"USA","CCI","AMPLITUD","LTRENDIDX","M","2004-03",101.1751,
"USA","CCI","AMPLITUD","LTRENDIDX","M","2004-04",100.9789,
"USA","CCI","AMPLITUD","LTRENDIDX","M","2004-05",100.8891,
"USA","CCI","AMPLITUD","LTRENDIDX","M","2004-06",101.0472,
"USA","CCI","AMPLITUD","LTRENDIDX","M","2004-07",101.1749,
"USA","CCI","AMPLITUD","LTRENDIDX","M","2004-08",101.1466,
"USA","CCI","AMPLITUD","LTRENDIDX","M","2004-09",101.0103,
"USA","CCI","AMPLITUD","LTRENDIDX","M","2004-10",100.908,
"USA","CCI","AMPLITUD","LTRENDIDX","M","2004-11",100.9816,
"USA","CCI","AMPLITUD","LTRENDIDX","M","2004-12",101.1373,
"USA","CCI","AMPLITUD","LTRENDIDX","M","2005-01",101.1204,
"USA","CCI","AMPLITUD","LTRENDIDX","M","2005-02",100.942,
"USA","CCI","AMPLITUD","LTRENDIDX","M","2005-03",100.6788,
"USA","CCI","AMPLITUD","LTRENDIDX","M","2005-04",100.4627,
"USA","CCI","AMPLITUD","LTRENDIDX","M","2005-05",100.5407,
"USA","CCI","AMPLITUD","LTRENDIDX","M","2005-06",100.8275,
"USA","CCI","AMPLITUD","LTRENDIDX","M","2005-07",100.7203,
"USA","CCI","AMPLITUD","LTRENDIDX","M","2005-08",100.0422,
"USA","CCI","AMPLITUD","LTRENDIDX","M","2005-09",99.21809,
"USA","CCI","AMPLITUD","LTRENDIDX","M","2005-10",98.95063,
"USA","CCI","AMPLITUD","LTRENDIDX","M","2005-11",99.39388,
"USA","CCI","AMPLITUD","LTRENDIDX","M","2005-12",100.0553,
"USA","CCI","AMPLITUD","LTRENDIDX","M","2006-01",100.3537,
"USA","CCI","AMPLITUD","LTRENDIDX","M","2006-02",100.2979,
"USA","CCI","AMPLITUD","LTRENDIDX","M","2006-03",100.1473,
"USA","CCI","AMPLITUD","LTRENDIDX","M","2006-04",99.85887,
"USA","CCI","AMPLITUD","LTRENDIDX","M","2006-05",99.5356,
"USA","CCI","AMPLITUD","LTRENDIDX","M","2006-06",99.5118,
"USA","CCI","AMPLITUD","LTRENDIDX","M","2006-07",99.55325,
"USA","CCI","AMPLITUD","LTRENDIDX","M","2006-08",99.66589,
"USA","CCI","AMPLITUD","LTRENDIDX","M","2006-09",100.0273,
"USA","CCI","AMPLITUD","LTRENDIDX","M","2006-10",100.5087,
"USA","CCI","AMPLITUD","LTRENDIDX","M","2006-11",100.7734,
"USA","CCI","AMPLITUD","LTRENDIDX","M","2006-12",100.9057,
"USA","CCI","AMPLITUD","LTRENDIDX","M","2007-01",100.9424,
"USA","CCI","AMPLITUD","LTRENDIDX","M","2007-02",100.6867,
"USA","CCI","AMPLITUD","LTRENDIDX","M","2007-03",100.3752,
"USA","CCI","AMPLITUD","LTRENDIDX","M","2007-04",100.1757,
"USA","CCI","AMPLITUD","LTRENDIDX","M","2007-05",100.1066,
"USA","CCI","AMPLITUD","LTRENDIDX","M","2007-06",100.06,
"USA","CCI","AMPLITUD","LTRENDIDX","M","2007-07",100.0335,
"USA","CCI","AMPLITUD","LTRENDIDX","M","2007-08",99.77081,
"USA","CCI","AMPLITUD","LTRENDIDX","M","2007-09",99.47842,
"USA","CCI","AMPLITUD","LTRENDIDX","M","2007-10",99.1409,
"USA","CCI","AMPLITUD","LTRENDIDX","M","2007-11",98.81334,
"USA","CCI","AMPLITUD","LTRENDIDX","M","2007-12",98.62062,
"USA","CCI","AMPLITUD","LTRENDIDX","M","2008-01",98.43537,
"USA","CCI","AMPLITUD","LTRENDIDX","M","2008-02",97.98955,
"USA","CCI","AMPLITUD","LTRENDIDX","M","2008-03",97.45205,
"USA","CCI","AMPLITUD","LTRENDIDX","M","2008-04",96.84619,
"USA","CCI","AMPLITUD","LTRENDIDX","M","2008-05",96.41119,
"USA","CCI","AMPLITUD","LTRENDIDX","M","2008-06",96.2744,
"USA","CCI","AMPLITUD","LTRENDIDX","M","2008-07",96.50734,
"USA","CCI","AMPLITUD","LTRENDIDX","M","2008-08",96.80245,
"USA","CCI","AMPLITUD","LTRENDIDX","M","2008-09",96.88968,
"USA","CCI","AMPLITUD","LTRENDIDX","M","2008-10",96.4849,
"USA","CCI","AMPLITUD","LTRENDIDX","M","2008-11",96.19061,
"USA","CCI","AMPLITUD","LTRENDIDX","M","2008-12",96.18204,
"USA","CCI","AMPLITUD","LTRENDIDX","M","2009-01",96.19031,
"USA","CCI","AMPLITUD","LTRENDIDX","M","2009-02",96.16045,
"USA","CCI","AMPLITUD","LTRENDIDX","M","2009-03",96.39203,
"USA","CCI","AMPLITUD","LTRENDIDX","M","2009-04",96.90594,
"USA","CCI","AMPLITUD","LTRENDIDX","M","2009-05",97.34814,
"USA","CCI","AMPLITUD","LTRENDIDX","M","2009-06",97.53122,
"USA","CCI","AMPLITUD","LTRENDIDX","M","2009-07",97.47937,
"USA","CCI","AMPLITUD","LTRENDIDX","M","2009-08",97.52947,
"USA","CCI","AMPLITUD","LTRENDIDX","M","2009-09",97.73342,
"USA","CCI","AMPLITUD","LTRENDIDX","M","2009-10",97.76741,
"USA","CCI","AMPLITUD","LTRENDIDX","M","2009-11",97.78351,
"USA","CCI","AMPLITUD","LTRENDIDX","M","2009-12",97.98319,
"USA","CCI","AMPLITUD","LTRENDIDX","M","2010-01",98.16829,
"USA","CCI","AMPLITUD","LTRENDIDX","M","2010-02",98.23138,
"USA","CCI","AMPLITUD","LTRENDIDX","M","2010-03",98.22784,
"USA","CCI","AMPLITUD","LTRENDIDX","M","2010-04",98.20445,
"USA","CCI","AMPLITUD","LTRENDIDX","M","2010-05",98.203,
"USA","CCI","AMPLITUD","LTRENDIDX","M","2010-06",98.09416,
"USA","CCI","AMPLITUD","LTRENDIDX","M","2010-07",97.76846,
"USA","CCI","AMPLITUD","LTRENDIDX","M","2010-08",97.56982,
"USA","CCI","AMPLITUD","LTRENDIDX","M","2010-09",97.51165,
"USA","CCI","AMPLITUD","LTRENDIDX","M","2010-10",97.62436,
"USA","CCI","AMPLITUD","LTRENDIDX","M","2010-11",97.91878,
"USA","CCI","AMPLITUD","LTRENDIDX","M","2010-12",98.20578,
"USA","CCI","AMPLITUD","LTRENDIDX","M","2011-01",98.32967,
"USA","CCI","AMPLITUD","LTRENDIDX","M","2011-02",98.27354,
"USA","CCI","AMPLITUD","LTRENDIDX","M","2011-03",97.99483,
"USA","CCI","AMPLITUD","LTRENDIDX","M","2011-04",97.92801,
"USA","CCI","AMPLITUD","LTRENDIDX","M","2011-05",97.91005,
"USA","CCI","AMPLITUD","LTRENDIDX","M","2011-06",97.55851,
"USA","CCI","AMPLITUD","LTRENDIDX","M","2011-07",96.89845,
"USA","CCI","AMPLITUD","LTRENDIDX","M","2011-08",96.33507,
"USA","CCI","AMPLITUD","LTRENDIDX","M","2011-09",96.2582,
"USA","CCI","AMPLITUD","LTRENDIDX","M","2011-10",96.52325,
"USA","CCI","AMPLITUD","LTRENDIDX","M","2011-11",97.02865,
"USA","CCI","AMPLITUD","LTRENDIDX","M","2011-12",97.65379,
"USA","CCI","AMPLITUD","LTRENDIDX","M","2012-01",98.18674,
"USA","CCI","AMPLITUD","LTRENDIDX","M","2012-02",98.48386,
"USA","CCI","AMPLITUD","LTRENDIDX","M","2012-03",98.62705,
"USA","CCI","AMPLITUD","LTRENDIDX","M","2012-04",98.66718,
"USA","CCI","AMPLITUD","LTRENDIDX","M","2012-05",98.60272,
"USA","CCI","AMPLITUD","LTRENDIDX","M","2012-06",98.3667,
"USA","CCI","AMPLITUD","LTRENDIDX","M","2012-07",98.28354,
"USA","CCI","AMPLITUD","LTRENDIDX","M","2012-08",98.47964,
"USA","CCI","AMPLITUD","LTRENDIDX","M","2012-09",98.84478,
"USA","CCI","AMPLITUD","LTRENDIDX","M","2012-10",99.10663,
"USA","CCI","AMPLITUD","LTRENDIDX","M","2012-11",99.0069,
"USA","CCI","AMPLITUD","LTRENDIDX","M","2012-12",98.62137,
"USA","CCI","AMPLITUD","LTRENDIDX","M","2013-01",98.47314,
"USA","CCI","AMPLITUD","LTRENDIDX","M","2013-02",98.59203,
"USA","CCI","AMPLITUD","LTRENDIDX","M","2013-03",98.78463,
"USA","CCI","AMPLITUD","LTRENDIDX","M","2013-04",99.02955,
"USA","CCI","AMPLITUD","LTRENDIDX","M","2013-05",99.4202,
"USA","CCI","AMPLITUD","LTRENDIDX","M","2013-06",99.62217,
"USA","CCI","AMPLITUD","LTRENDIDX","M","2013-07",99.57864,
"USA","CCI","AMPLITUD","LTRENDIDX","M","2013-08",99.25432,
"USA","CCI","AMPLITUD","LTRENDIDX","M","2013-09",98.81424,
"USA","CCI","AMPLITUD","LTRENDIDX","M","2013-10",98.54217,
"USA","CCI","AMPLITUD","LTRENDIDX","M","2013-11",98.65821,
"USA","CCI","AMPLITUD","LTRENDIDX","M","2013-12",99.00897,
"USA","CCI","AMPLITUD","LTRENDIDX","M","2014-01",99.20863,
"USA","CCI","AMPLITUD","LTRENDIDX","M","2014-02",99.28959,
"USA","CCI","AMPLITUD","LTRENDIDX","M","2014-03",99.32684,
"USA","CCI","AMPLITUD","LTRENDIDX","M","2014-04",99.41119,
"USA","CCI","AMPLITUD","LTRENDIDX","M","2014-05",99.39545,
"USA","CCI","AMPLITUD","LTRENDIDX","M","2014-06",99.36494,
"USA","CCI","AMPLITUD","LTRENDIDX","M","2014-07",99.35549,
"USA","CCI","AMPLITUD","LTRENDIDX","M","2014-08",99.46513,
"USA","CCI","AMPLITUD","LTRENDIDX","M","2014-09",99.7012,
"USA","CCI","AMPLITUD","LTRENDIDX","M","2014-10",100.0331,
"USA","CCI","AMPLITUD","LTRENDIDX","M","2014-11",100.4403,
"USA","CCI","AMPLITUD","LTRENDIDX","M","2014-12",100.8919,
"USA","CCI","AMPLITUD","LTRENDIDX","M","2015-01",101.1961,
"USA","CCI","AMPLITUD","LTRENDIDX","M","2015-02",101.1987,
"USA","CCI","AMPLITUD","LTRENDIDX","M","2015-03",101.0876,
"USA","CCI","AMPLITUD","LTRENDIDX","M","2015-04",101.0246,
"USA","CCI","AMPLITUD","LTRENDIDX","M","2015-05",100.9321,
"USA","CCI","AMPLITUD","LTRENDIDX","M","2015-06",100.9483,
"USA","CCI","AMPLITUD","LTRENDIDX","M","2015-07",100.8162,
"USA","CCI","AMPLITUD","LTRENDIDX","M","2015-08",100.5981,
"USA","CCI","AMPLITUD","LTRENDIDX","M","2015-09",100.4016,
"USA","CCI","AMPLITUD","LTRENDIDX","M","2015-10",100.4352,
"USA","CCI","AMPLITUD","LTRENDIDX","M","2015-11",100.5694,
"USA","CCI","AMPLITUD","LTRENDIDX","M","2015-12",100.6811,
"USA","CCI","AMPLITUD","LTRENDIDX","M","2016-01",100.6961,
"USA","CCI","AMPLITUD","LTRENDIDX","M","2016-02",100.6532,
"USA","CCI","AMPLITUD","LTRENDIDX","M","2016-03",100.6073,
"USA","CCI","AMPLITUD","LTRENDIDX","M","2016-04",100.6327,
"USA","CCI","AMPLITUD","LTRENDIDX","M","2016-05",100.7736,
"USA","CCI","AMPLITUD","LTRENDIDX","M","2016-06",100.7482,
"USA","CCI","AMPLITUD","LTRENDIDX","M","2016-07",100.5793,
"USA","CCI","AMPLITUD","LTRENDIDX","M","2016-08",100.4574,
"USA","CCI","AMPLITUD","LTRENDIDX","M","2016-09",100.4353,
"USA","CCI","AMPLITUD","LTRENDIDX","M","2016-10",100.5239,
"USA","CCI","AMPLITUD","LTRENDIDX","M","2016-11",100.9028,
"USA","CCI","AMPLITUD","LTRENDIDX","M","2016-12",101.2912,
"USA","CCI","AMPLITUD","LTRENDIDX","M","2017-01",101.4618,
"USA","CCI","AMPLITUD","LTRENDIDX","M","2017-02",101.4476,
"USA","CCI","AMPLITUD","LTRENDIDX","M","2017-03",101.4124,
"USA","CCI","AMPLITUD","LTRENDIDX","M","2017-04",101.3668,
"USA","CCI","AMPLITUD","LTRENDIDX","M","2017-05",101.2849,
"USA","CCI","AMPLITUD","LTRENDIDX","M","2017-06",101.1631,
"USA","CCI","AMPLITUD","LTRENDIDX","M","2017-07",101.1159,
"USA","CCI","AMPLITUD","LTRENDIDX","M","2017-08",101.2269,
"USA","CCI","AMPLITUD","LTRENDIDX","M","2017-09",101.3659,
"USA","CCI","AMPLITUD","LTRENDIDX","M","2017-10",101.5381,
"USA","CCI","AMPLITUD","LTRENDIDX","M","2017-11",101.515,
"USA","CCI","AMPLITUD","LTRENDIDX","M","2017-12",101.42,
"USA","CCI","AMPLITUD","LTRENDIDX","M","2018-01",101.4537,
"USA","CCI","AMPLITUD","LTRENDIDX","M","2018-02",101.6372,
"USA","CCI","AMPLITUD","LTRENDIDX","M","2018-03",101.7511,
"USA","CCI","AMPLITUD","LTRENDIDX","M","2018-04",101.6938,
"USA","CCI","AMPLITUD","LTRENDIDX","M","2018-05",101.5971,
"USA","CCI","AMPLITUD","LTRENDIDX","M","2018-06",101.5318,
"USA","CCI","AMPLITUD","LTRENDIDX","M","2018-07",101.4964,
"USA","CCI","AMPLITUD","LTRENDIDX","M","2018-08",101.509,
"USA","CCI","AMPLITUD","LTRENDIDX","M","2018-09",101.6028,
"USA","CCI","AMPLITUD","LTRENDIDX","M","2018-10",101.5828,
"USA","CCI","AMPLITUD","LTRENDIDX","M","2018-11",101.4599,
"USA","CCI","AMPLITUD","LTRENDIDX","M","2018-12",101.2682,
"USA","CCI","AMPLITUD","LTRENDIDX","M","2019-01",101.0388,
"USA","CCI","AMPLITUD","LTRENDIDX","M","2019-02",101.0996,
"USA","CCI","AMPLITUD","LTRENDIDX","M","2019-03",101.3447,
"USA","CCI","AMPLITUD","LTRENDIDX","M","2019-04",101.5242,
"USA","CCI","AMPLITUD","LTRENDIDX","M","2019-05",101.623,
"USA","CCI","AMPLITUD","LTRENDIDX","M","2019-06",101.5176,
"USA","CCI","AMPLITUD","LTRENDIDX","M","2019-07",101.2571,
"USA","CCI","AMPLITUD","LTRENDIDX","M","2019-08",100.9244,
"USA","CCI","AMPLITUD","LTRENDIDX","M","2019-09",100.9244,
"USA","CCI","AMPLITUD","LTRENDIDX","M","2019-10",101.1523,
"USA","CCI","AMPLITUD","LTRENDIDX","M","2019-11",101.4541,
"USA","CCI","AMPLITUD","LTRENDIDX","M","2019-12",101.71,
"USA","CCI","AMPLITUD","LTRENDIDX","M","2020-01",101.7082,
"USA","CCI","AMPLITUD","LTRENDIDX","M","2020-02",101.2274,
"USA","CCI","AMPLITUD","LTRENDIDX","M","2020-03",100.1063,
"USA","CCI","AMPLITUD","LTRENDIDX","M","2020-04",98.88704,
"USA","CCI","AMPLITUD","LTRENDIDX","M","2020-05",98.32537,
"USA","CCI","AMPLITUD","LTRENDIDX","M","2020-06",98.26943,
"USA","CCI","AMPLITUD","LTRENDIDX","M","2020-07",98.28886,
"USA","CCI","AMPLITUD","LTRENDIDX","M","2020-08",98.51557,
"USA","CCI","AMPLITUD","LTRENDIDX","M","2020-09",98.86665,
"USA","CCI","AMPLITUD","LTRENDIDX","M","2020-10",99.03402,
"USA","CCI","AMPLITUD","LTRENDIDX","M","2020-11",98.98598,
"USA","CCI","AMPLITUD","LTRENDIDX","M","2020-12",98.98927,
"USA","CCI","AMPLITUD","LTRENDIDX","M","2021-01",98.99398,
"USA","CCI","AMPLITUD","LTRENDIDX","M","2021-02",99.14455,
"USA","CCI","AMPLITUD","LTRENDIDX","M","2021-03",99.54497,
"USA","CCI","AMPLITUD","LTRENDIDX","M","2021-04",99.81052,
"USA","CCI","AMPLITUD","LTRENDIDX","M","2021-05",99.76344,
"USA","CCI","AMPLITUD","LTRENDIDX","M","2021-06",99.62752,
"USA","CCI","AMPLITUD","LTRENDIDX","M","2021-07",99.34435,
